IMAGE,CLASS,CONDITION,JOD
Overall\122_Indoor_Scene_1.tiff,1,Indoor,-4.117761619686865
Overall\182_Indoor_Scene_1.jpg,1,Indoor,-3.5458824967788813
Overall\157_Indoor_Scene_1.jpg,1,Indoor,-2.659193993307919
Overall\185_Indoor_Scene_1.jpg,1,Indoor,-2.682380000373937
Overall\178_Indoor_Scene_1.jpg,1,Indoor,-2.7888581549056326
Overall\75_Indoor_Scene_1.JPG,1,Indoor,-2.518749502590812
Overall\144_Indoor_Scene_1.jpg,1,Indoor,-2.4071668360389578
Overall\193_Indoor_Scene_1.jpg,1,Indoor,-2.366579484502745
Overall\124_Indoor_Scene_1.jpg,1,Indoor,-2.1602701631657446
Overall\101_Indoor_Scene_1.jpg,1,Indoor,-2.153814946397812
Overall\118_Indoor_Scene_1.jpg,1,Indoor,-1.7107874454709304
Overall\81_Indoor_Scene_1.tif,1,Indoor,-1.5897617023711743
Overall\166_Indoor_Scene_1.jpg,1,Indoor,-1.4246862881736675
Overall\152_Indoor_Scene_1.jpg,1,Indoor,-1.3850339982150437
Overall\130_Indoor_Scene_1.JPG,1,Indoor,-1.3904385666873946
Overall\184_Indoor_Scene_1.jpg,1,Indoor,-1.5004256028098293
Overall\154_Indoor_Scene_1.jpg,1,Indoor,-1.503315670341976
Overall\163_Indoor_Scene_1.jpg,1,Indoor,-1.1637823124558908
Overall\153_Indoor_Scene_1.jpg,1,Indoor,-1.1754094411566616
Overall\82_Indoor_Scene_1.jpg,1,Indoor,-1.1296595660652111
Overall\107_Indoor_Scene_1.jpg,1,Indoor,-1.0041809082220028
Overall\88_Indoor_Scene_1.JPG,1,Indoor,-1.0717784274506816
Overall\127_Indoor_Scene_1.jpg,1,Indoor,-1.1117927272504788
Overall\167_Indoor_Scene_1.jpg,1,Indoor,-0.9522465304880204
Overall\151_Indoor_Scene_1.jpg,1,Indoor,-0.9465781436607524
Overall\84_Indoor_Scene_1.jpg,1,Indoor,-0.9002341354353284
Overall\120_Indoor_Scene_1.jpg,1,Indoor,-0.906395435689147
Overall\143_Indoor_Scene_1.jpg,1,Indoor,-0.8594662118093195
Overall\89_Indoor_Scene_1.JPG,1,Indoor,-0.9072893329702676
Overall\147_Indoor_Scene_1.jpg,1,Indoor,-0.8112711682489814
Overall\187_Indoor_Scene_1.jpg,1,Indoor,-0.8066468581189997
Overall\83_Indoor_Scene_1.jpeg,1,Indoor,-0.878285770478245
Overall\79_Indoor_Scene_1.jpg,1,Indoor,-0.7598568838171723
Overall\164_Indoor_Scene_1.jpg,1,Indoor,-0.8310245782854404
Overall\108_Indoor_Scene_1.jpg,1,Indoor,-0.7167522146648724
Overall\128_Indoor_Scene_1.jpeg,1,Indoor,-0.6038673417806706
Overall\183_Indoor_Scene_1.jpg,1,Indoor,-0.6694022522183057
Overall\76_Indoor_Scene_1.jpg,1,Indoor,-0.616091090470592
Overall\162_Indoor_Scene_1.jpg,1,Indoor,-0.4742469351580036
Overall\192_Indoor_Scene_1.jpg,1,Indoor,-0.5281684414123081
Overall\191_Indoor_Scene_1.jpg,1,Indoor,-0.5037878078029456
Overall\169_Indoor_Scene_1.jpg,1,Indoor,-0.5920553556753007
Overall\159_Indoor_Scene_1.jpg,1,Indoor,-0.5236017928423589
Overall\123_Indoor_Scene_1.jpg,1,Indoor,-0.4914415229956757
Overall\111_Indoor_Scene_1.jpg,1,Indoor,-0.4274562819153518
Overall\148_Indoor_Scene_1.jpg,1,Indoor,-0.5387998395695285
Overall\180_Indoor_Scene_1.jpg,1,Indoor,-0.414195282074066
Overall\99_Indoor_Scene_1.JPG,1,Indoor,-0.4114653208438312
Overall\156_Indoor_Scene_1.jpg,1,Indoor,-0.307425176854769
Overall\158_Indoor_Scene_1.jpg,1,Indoor,-0.3396130939680412
Overall\146_Indoor_Scene_1.jpg,1,Indoor,-0.3503266960124828
Overall\190_Indoor_Scene_1.jpg,1,Indoor,-0.365006414807141
Overall\177_Indoor_Scene_1.jpg,1,Indoor,-0.3213020311989559
Overall\142_Indoor_Scene_1.jpg,1,Indoor,-0.2716451292418096
Overall\173_Indoor_Scene_1.jpg,1,Indoor,-0.260815206858908
Overall\106_Indoor_Scene_1.jpg,1,Indoor,-0.2013485219051167
Overall\117_Indoor_Scene_1.jpg,1,Indoor,-0.0643628481048578
Overall\97_Indoor_Scene_1.jpg,1,Indoor,-0.3639499707549203
Overall\121_Indoor_Scene_1.jpg,1,Indoor,-0.2106646146207185
Overall\116_Indoor_Scene_1.jpg,1,Indoor,0.0199956291464491
Overall\179_Indoor_Scene_1.jpg,1,Indoor,-0.1486849942911519
Overall\176_Indoor_Scene_1.jpg,1,Indoor,-0.0715670540241713
Overall\186_Indoor_Scene_1.jpg,1,Indoor,-0.0895133088414782
Overall\194_Indoor_Scene_1.jpg,1,Indoor,-0.101725712802754
Overall\140_Indoor_Scene_1.tiff,1,Indoor,0.0053669765114029
Overall\165_Indoor_Scene_1.jpg,1,Indoor,0.0227410922647619
Overall\86_Indoor_Scene_1.jpeg,1,Indoor,-0.0015924095627038
Overall\195_Indoor_Scene_1.jpg,1,Indoor,0.0400197268985248
Overall\110_Indoor_Scene_1.jpg,1,Indoor,0.0946246576828552
Overall\175_Indoor_Scene_1.jpg,1,Indoor,0.1749030193831397
Overall\78_Indoor_Scene_1.jpg,1,Indoor,0.3580144204652511
Overall\103_Indoor_Scene_1.jpg,1,Indoor,0.1482824955698443
Overall\85_Indoor_Scene_1.jpg,1,Indoor,0.1606969588125714
Overall\100_Indoor_Scene_1.jpg,1,Indoor,0.192099817134127
Overall\72_Indoor_Scene_1.jpg,1,Indoor,0.2031470828216723
Overall\109_Indoor_Scene_1.JPG,1,Indoor,0.3300555360822383
Overall\80_Indoor_Scene_1.jpg,1,Indoor,0.2750336983622866
Overall\181_Indoor_Scene_1.jpg,1,Indoor,0.3435600718985067
Overall\149_Indoor_Scene_1.jpg,1,Indoor,0.4494705608755223
Overall\112_Indoor_Scene_1.jpg,1,Indoor,0.3638743287853838
Overall\172_Indoor_Scene_1.jpg,1,Indoor,0.3304833472132288
Overall\92_Indoor_Scene_1.jpg,1,Indoor,0.575196888830365
Overall\170_Indoor_Scene_1.jpg,1,Indoor,0.578820437057139
Overall\125_Indoor_Scene_1.jpg,1,Indoor,0.6936389133331259
Overall\138_Indoor_Scene_1.JPG,1,Indoor,0.5183397362883877
Overall\87_Indoor_Scene_1.JPG,1,Indoor,0.6039305559387244
Overall\155_Indoor_Scene_1.jpg,1,Indoor,0.5817460326476371
Overall\189_Indoor_Scene_1.jpg,1,Indoor,0.672523296557675
Overall\102_Indoor_Scene_1.jpg,1,Indoor,0.6750078380287464
Overall\137_Indoor_Scene_1.jpg,1,Indoor,0.6260701275400263
Overall\139_Indoor_Scene_1.JPG,1,Indoor,0.6613735048870214
Overall\160_Indoor_Scene_1.jpg,1,Indoor,0.7008602406904226
Overall\74_Indoor_Scene_1.JPG,1,Indoor,0.7785677074556888
Overall\77_Indoor_Scene_1.jpg,1,Indoor,0.7395921787912484
Overall\145_Indoor_Scene_1.jpg,1,Indoor,0.8030527601262213
Overall\171_Indoor_Scene_1.jpg,1,Indoor,0.7864997650260878
Overall\98_Indoor_Scene_1.jpg,1,Indoor,0.7909532949259886
Overall\95_Indoor_Scene_1.jpg,1,Indoor,0.8086259292555124
Overall\73_Indoor_Scene_1.jpg,1,Indoor,1.201477353949642
Overall\134_Indoor_Scene_1.jpg,1,Indoor,1.0782386027694082
Overall\174_Indoor_Scene_1.jpg,1,Indoor,1.1650058043896478
Overall\132_Indoor_Scene_1.jpg,1,Indoor,1.1463896627707373
Overall\115_Indoor_Scene_1.jpg,1,Indoor,1.217104586606876
Overall\119_Indoor_Scene_1.jpg,1,Indoor,1.26019820909948
Overall\188_Indoor_Scene_1.jpg,1,Indoor,1.2297461545935382
Overall\94_Indoor_Scene_1.jpg,1,Indoor,1.2501675095520195
Overall\96_Indoor_Scene_1.jpg,1,Indoor,1.2727509830879855
Overall\133_Indoor_Scene_1.jpg,1,Indoor,1.3248132034682485
Overall\168_Indoor_Scene_1.jpg,1,Indoor,1.4050079397282047
Overall\91_Indoor_Scene_1.jpg,1,Indoor,1.4199070029073455
Overall\141_Indoor_Scene_1.JPG,1,Indoor,1.7143597133538642
Overall\161_Indoor_Scene_1.jpg,1,Indoor,1.663226952331934
Overall\104_Indoor_Scene_1.jpg,1,Indoor,1.7669891674641942
Overall\90_Indoor_Scene_1.jpg,1,Indoor,1.564789524481077
Overall\150_Indoor_Scene_1.jpg,1,Indoor,1.7030968403009896
Overall\114_Indoor_Scene_1.jpg,1,Indoor,1.9315589499229755
Overall\105_Indoor_Scene_1.jpg,1,Indoor,2.129411157897372
Overall\136_Indoor_Scene_1.jpg,1,Indoor,2.3044018350642137
Overall\126_Indoor_Scene_1.jpg,1,Indoor,2.324035190799342
Overall\131_Indoor_Scene_1.jpg,1,Indoor,2.442586777232967
Overall\135_Indoor_Scene_1.jpg,1,Indoor,3.282364130619549
Overall\93_Indoor_Scene_1.jpg,1,Indoor,3.564145616096753
Overall\113_Indoor_Scene_1.jpg,1,Indoor,4.140722915518864
Overall\129_Indoor_Scene_1.jpg,1,Indoor,4.492215155400703
Overall\455_Indoor_Scene_5.jpg,5,Indoor,-3.256930219942391
Overall\484_Indoor_Scene_5.jpg,5,Indoor,-2.7969694632031934
Overall\454_Indoor_Scene_5.jpg,5,Indoor,-2.822622805871526
Overall\481_Indoor_Scene_5.jpg,5,Indoor,-1.8075850601271453
Overall\483_Indoor_Scene_5.jpg,5,Indoor,-1.5506180814970183
Overall\485_Indoor_Scene_5.jpg,5,Indoor,-1.3245010591130286
Overall\477_Indoor_Scene_5.jpg,5,Indoor,-1.287898819294692
Overall\497_Indoor_Scene_5.jpg,5,Indoor,-1.2257972284939287
Overall\494_Indoor_Scene_5.jpg,5,Indoor,-1.1663016235838748
Overall\495_Indoor_Scene_5.jpg,5,Indoor,-1.0763300758472074
Overall\498_Indoor_Scene_5.jpg,5,Indoor,-1.0720714705683771
Overall\462_Indoor_Scene_5.jpg,5,Indoor,-0.9871963414938691
Overall\479_Indoor_Scene_5.jpg,5,Indoor,-0.9508083933818852
Overall\453_Indoor_Scene_5.jpg,5,Indoor,-0.8626291624175171
Overall\492_Indoor_Scene_5.jpg,5,Indoor,-0.9660011832038302
Overall\478_Indoor_Scene_5.jpg,5,Indoor,-0.7596974184376688
Overall\469_Indoor_Scene_5.tiff,5,Indoor,-0.5433171631493643
Overall\460_Indoor_Scene_5.jpg,5,Indoor,-0.4361116282278375
Overall\480_Indoor_Scene_5.jpg,5,Indoor,-0.4541864013406823
Overall\476_Indoor_Scene_5.jpg,5,Indoor,-0.3977298867182094
Overall\489_Indoor_Scene_5.JPG,5,Indoor,-0.2926107874926616
Overall\452_Indoor_Scene_5.jpg,5,Indoor,-0.1422401143172199
Overall\451_Indoor_Scene_5.jpg,5,Indoor,-0.1507571941945622
Overall\473_Indoor_Scene_5.tiff,5,Indoor,0.0211595259311266
Overall\459_Indoor_Scene_5.JPG,5,Indoor,0.0166737781328021
Overall\474_Indoor_Scene_5.jpg,5,Indoor,0.0090526979907851
Overall\461_Indoor_Scene_5.jpg,5,Indoor,-0.0113776262440637
Overall\450_Indoor_Scene_5.jpg,5,Indoor,0.0702274462376137
Overall\493_Indoor_Scene_5.jpg,5,Indoor,0.1111982205115541
Overall\472_Indoor_Scene_5.tiff,5,Indoor,0.2004256598920995
Overall\458_Indoor_Scene_5.JPG,5,Indoor,0.2432259051204255
Overall\464_Indoor_Scene_5.jpg,5,Indoor,0.2305868070916322
Overall\487_Indoor_Scene_5.jpg,5,Indoor,0.2763392235274475
Overall\488_Indoor_Scene_5.JPG,5,Indoor,0.3340913601629412
Overall\499_Indoor_Scene_5.jpg,5,Indoor,0.4858226896926045
Overall\465_Indoor_Scene_5.jpg,5,Indoor,0.5877604765638762
Overall\490_Indoor_Scene_5.jpg,5,Indoor,0.811316658242256
Overall\463_Indoor_Scene_5.jpg,5,Indoor,0.8635473555909359
Overall\468_Indoor_Scene_5.tiff,5,Indoor,0.8955815169270152
Overall\486_Indoor_Scene_5.jpg,5,Indoor,1.115877798823986
Overall\482_Indoor_Scene_5.jpg,5,Indoor,1.1376503881073146
Overall\471_Indoor_Scene_5.jpg,5,Indoor,1.280049795994206
Overall\470_Indoor_Scene_5.jpg,5,Indoor,1.7549220030423949
Overall\467_Indoor_Scene_5.jpg,5,Indoor,1.8678172529604824
Overall\457_Indoor_Scene_5.JPG,5,Indoor,1.8742657177876063
Overall\496_Indoor_Scene_5.jpg,5,Indoor,2.1059332863217834
Overall\475_Indoor_Scene_5.jpg,5,Indoor,2.216238189511585
Overall\466_Indoor_Scene_5.jpg,5,Indoor,2.3415009645134
Overall\491_Indoor_Scene_5.jpg,5,Indoor,2.4843208293175616
Overall\456_Indoor_Scene_5.JPG,5,Indoor,3.0067036601663166
Overall\1001_Indoor_Scene_10.jpg,10,Indoor,-4.971275815024356
Overall\1083_Indoor_Scene_10.jpg,10,Indoor,-3.8124724534667074
Overall\1000_Indoor_Scene_10.jpg,10,Indoor,-3.7292122538977672
Overall\1101_Indoor_Scene_10.JPG,10,Indoor,-3.544407828006029
Overall\1095_Indoor_Scene_10.jpg,10,Indoor,-3.59402137380812
Overall\1009_Indoor_Scene_10.jpg,10,Indoor,-3.412282250065908
Overall\1075_Indoor_Scene_10.jpg,10,Indoor,-3.1882565482785457
Overall\987_Indoor_Scene_10.jpg,10,Indoor,-3.142971809153995
Overall\1033_Indoor_Scene_10.jpg,10,Indoor,-2.636734656845229
Overall\1088_Indoor_Scene_10.jpg,10,Indoor,-2.595041344277288
Overall\985_Indoor_Scene_10.JPG,10,Indoor,-1.5593707734328586
Overall\1082_Indoor_Scene_10.jpg,10,Indoor,-1.7785359323240124
Overall\1099_Indoor_Scene_10.jpg,10,Indoor,-1.8415583699839988
Overall\1100_Indoor_Scene_10.jpg,10,Indoor,-1.6137994303693857
Overall\1108_Indoor_Scene_10.jpg,10,Indoor,-1.3770202389080373
Overall\1076_Indoor_Scene_10.jpg,10,Indoor,-1.3942523907244575
Overall\1107_Indoor_Scene_10.jpg,10,Indoor,-1.2502419830633162
Overall\1096_Indoor_Scene_10.jpg,10,Indoor,-1.2274043017522172
Overall\1002_Indoor_Scene_10.jpg,10,Indoor,-1.201451622695367
Overall\1093_Indoor_Scene_10.jpg,10,Indoor,-1.0849780698870604
Overall\1090_Indoor_Scene_10.JPG,10,Indoor,-0.9870899241668954
Overall\1068_Indoor_Scene_10.jpg,10,Indoor,-0.9559527966447344
Overall\1015_Indoor_Scene_10.jpg,10,Indoor,-0.926017112512148
Overall\1061_Indoor_Scene_10.JPG,10,Indoor,-0.9443208641740376
Overall\1030_Indoor_Scene_10.jpg,10,Indoor,-0.8667427770294404
Overall\1034_Indoor_Scene_10.jpg,10,Indoor,-0.8957514139522352
Overall\1079_Indoor_Scene_10.jpg,10,Indoor,-0.8048843407341257
Overall\999_Indoor_Scene_10.JPG,10,Indoor,-0.7573418360625382
Overall\1071_Indoor_Scene_10.jpg,10,Indoor,-0.7868096780789554
Overall\1004_Indoor_Scene_10.jpg,10,Indoor,-0.7030261976072205
Overall\1087_Indoor_Scene_10.jpg,10,Indoor,-0.7429624839128067
Overall\1039_Indoor_Scene_10.jpg,10,Indoor,-0.6092741582109326
Overall\1103_Indoor_Scene_10.jpg,10,Indoor,-0.429546827012556
Overall\991_Indoor_Scene_10.jpg,10,Indoor,-0.7311285518393416
Overall\1048_Indoor_Scene_10.jpg,10,Indoor,-0.5891853662002463
Overall\1066_Indoor_Scene_10.jpg,10,Indoor,-0.5242385095579861
Overall\1023_Indoor_Scene_10.jpg,10,Indoor,-0.4779103382295326
Overall\1078_Indoor_Scene_10.jpg,10,Indoor,-0.4196372569053643
Overall\988_Indoor_Scene_10.jpg,10,Indoor,-0.3857579792805073
Overall\1016_Indoor_Scene_10.jpg,10,Indoor,-0.3117091550672929
Overall\1060_Indoor_Scene_10.jpg,10,Indoor,-0.3689859284533547
Overall\1097_Indoor_Scene_10.jpg,10,Indoor,-0.2961494700680874
Overall\1012_Indoor_Scene_10.jpg,10,Indoor,-0.2762762653551625
Overall\992_Indoor_Scene_10.jpg,10,Indoor,-0.2920377842460047
Overall\1094_Indoor_Scene_10.jpg,10,Indoor,-0.1862960760791907
Overall\1013_Indoor_Scene_10.JPG,10,Indoor,-0.1714982831908218
Overall\1029_Indoor_Scene_10.jpg,10,Indoor,-0.2535391155423663
Overall\1073_Indoor_Scene_10.jpg,10,Indoor,-0.2164691839797306
Overall\1092_Indoor_Scene_10.jpg,10,Indoor,-0.2279402001218364
Overall\1032_Indoor_Scene_10.jpg,10,Indoor,-0.2634662165508489
Overall\1055_Indoor_Scene_10.jpg,10,Indoor,-0.2262313790629709
Overall\1085_Indoor_Scene_10.jpg,10,Indoor,-0.1776245976030212
Overall\1031_Indoor_Scene_10.jpg,10,Indoor,-0.1450371373046406
Overall\998_Indoor_Scene_10.JPG,10,Indoor,-0.1391531500906072
Overall\1044_Indoor_Scene_10.jpg,10,Indoor,-0.1562298738488462
Overall\1074_Indoor_Scene_10.JPG,10,Indoor,-0.1137350101481473
Overall\1050_Indoor_Scene_10.jpg,10,Indoor,-0.1081890552480192
Overall\1051_Indoor_Scene_10.jpg,10,Indoor,-0.0705859479353517
Overall\1059_Indoor_Scene_10.jpg,10,Indoor,-0.1215424555347899
Overall\1089_Indoor_Scene_10.jpg,10,Indoor,0.0291114884624786
Overall\1091_Indoor_Scene_10.jpg,10,Indoor,0.0478467972964166
Overall\1063_Indoor_Scene_10.jpg,10,Indoor,0.0767931850435821
Overall\989_Indoor_Scene_10.jpg,10,Indoor,0.0869858576487147
Overall\1018_Indoor_Scene_10.jpg,10,Indoor,0.2464799299478848
Overall\1054_Indoor_Scene_10.JPG,10,Indoor,0.2068985288072452
Overall\1008_Indoor_Scene_10.jpg,10,Indoor,0.2506978483391689
Overall\1070_Indoor_Scene_10.jpg,10,Indoor,0.4035568858818108
Overall\1038_Indoor_Scene_10.JPG,10,Indoor,0.2755282907777684
Overall\1022_Indoor_Scene_10.jpg,10,Indoor,0.4785859711178641
Overall\1042_Indoor_Scene_10.jpg,10,Indoor,0.3331527280812106
Overall\1019_Indoor_Scene_10.jpg,10,Indoor,0.2393029832238283
Overall\1069_Indoor_Scene_10.jpg,10,Indoor,0.331356017969689
Overall\1049_Indoor_Scene_10.jpg,10,Indoor,0.4621583997678138
Overall\1056_Indoor_Scene_10.JPG,10,Indoor,0.393372110345484
Overall\1006_Indoor_Scene_10.jpg,10,Indoor,0.4108413871266327
Overall\986_Indoor_Scene_10.jpg,10,Indoor,0.4701843636940271
Overall\1040_Indoor_Scene_10.jpg,10,Indoor,0.5230154038929192
Overall\1017_Indoor_Scene_10.jpg,10,Indoor,0.4824639930256794
Overall\1047_Indoor_Scene_10.jpg,10,Indoor,0.5855333144182063
Overall\1086_Indoor_Scene_10.jpg,10,Indoor,0.5992345719301163
Overall\1109_Indoor_Scene_10.jpg,10,Indoor,0.6580165699549803
Overall\995_Indoor_Scene_10.jpg,10,Indoor,0.5678967536579541
Overall\1067_Indoor_Scene_10.jpg,10,Indoor,0.6771885872187187
Overall\1043_Indoor_Scene_10.jpg,10,Indoor,0.4610133541821374
Overall\1084_Indoor_Scene_10.jpg,10,Indoor,0.7368871584187489
Overall\1035_Indoor_Scene_10.jpg,10,Indoor,0.7430044563365855
Overall\990_Indoor_Scene_10.jpg,10,Indoor,0.9037223320932274
Overall\1058_Indoor_Scene_10.jpg,10,Indoor,0.7612750855170932
Overall\1062_Indoor_Scene_10.jpg,10,Indoor,0.8031426307942288
Overall\996_Indoor_Scene_10.jpg,10,Indoor,0.8357470537156847
Overall\1104_Indoor_Scene_10.jpg,10,Indoor,0.7408908534716835
Overall\1005_Indoor_Scene_10.jpg,10,Indoor,0.8564875652947523
Overall\1080_Indoor_Scene_10.jpg,10,Indoor,0.872927611520625
Overall\1102_Indoor_Scene_10.jpg,10,Indoor,0.9225615155314332
Overall\1052_Indoor_Scene_10.jpg,10,Indoor,0.9350383440248388
Overall\1098_Indoor_Scene_10.jpg,10,Indoor,1.0627090032305555
Overall\1045_Indoor_Scene_10.jpg,10,Indoor,1.0380279796989331
Overall\1014_Indoor_Scene_10.jpg,10,Indoor,1.0834421068084703
Overall\1010_Indoor_Scene_10.jpg,10,Indoor,1.0497070796958423
Overall\1053_Indoor_Scene_10.jpg,10,Indoor,1.145874958599358
Overall\1064_Indoor_Scene_10.jpg,10,Indoor,1.1808645286991413
Overall\1106_Indoor_Scene_10.jpg,10,Indoor,1.4022402667235128
Overall\1024_Indoor_Scene_10.jpg,10,Indoor,1.2849064944574653
Overall\1105_Indoor_Scene_10.jpg,10,Indoor,1.2833410426665646
Overall\1021_Indoor_Scene_10.jpg,10,Indoor,1.344138007711411
Overall\1026_Indoor_Scene_10.jpg,10,Indoor,1.2223160938909734
Overall\1037_Indoor_Scene_10.jpg,10,Indoor,1.3000531922158611
Overall\1025_Indoor_Scene_10.jpg,10,Indoor,1.3264482710534848
Overall\1065_Indoor_Scene_10.jpg,10,Indoor,1.4786654514476598
Overall\994_Indoor_Scene_10.JPG,10,Indoor,1.3894154612500038
Overall\1003_Indoor_Scene_10.jpg,10,Indoor,1.5668313188427812
Overall\1020_Indoor_Scene_10.jpg,10,Indoor,1.5040040937305206
Overall\1046_Indoor_Scene_10.jpg,10,Indoor,1.6641236606263656
Overall\1007_Indoor_Scene_10.jpg,10,Indoor,1.6485257738504706
Overall\997_Indoor_Scene_10.jpg,10,Indoor,1.7002032108099088
Overall\1041_Indoor_Scene_10.jpg,10,Indoor,1.5346587723431733
Overall\1057_Indoor_Scene_10.jpg,10,Indoor,1.7603943097137518
Overall\1077_Indoor_Scene_10.jpg,10,Indoor,1.8401919876883053
Overall\1081_Indoor_Scene_10.jpg,10,Indoor,2.017467217086895
Overall\1027_Indoor_Scene_10.jpg,10,Indoor,2.132049483008108
Overall\1011_Indoor_Scene_10.jpg,10,Indoor,2.2557021680944613
Overall\1036_Indoor_Scene_10.jpg,10,Indoor,2.108643387873649
Overall\1072_Indoor_Scene_10.jpg,10,Indoor,2.565434337674894
Overall\993_Indoor_Scene_10.jpg,10,Indoor,2.0899286559816046
Overall\1028_Indoor_Scene_10.jpg,10,Indoor,3.226355899501995
Overall\1121_Indoor_Scene_11.jpeg,11,Indoor,-5.687482936549228
Overall\1178_Indoor_Scene_11.JPG,11,Indoor,-4.405114517339364
Overall\1136_Indoor_Scene_11.jpg,11,Indoor,-3.7224454366635182
Overall\1190_Indoor_Scene_11.jpg,11,Indoor,-3.093193814150601
Overall\1159_Indoor_Scene_11.JPG,11,Indoor,-2.6037936258205936
Overall\1172_Indoor_Scene_11.jpg,11,Indoor,-1.948934925800484
Overall\1169_Indoor_Scene_11.jpg,11,Indoor,-1.8340709912772823
Overall\1145_Indoor_Scene_11.jpg,11,Indoor,-1.8316684373637144
Overall\1112_Indoor_Scene_11.JPG,11,Indoor,-1.6811798851869029
Overall\1165_Indoor_Scene_11.jpg,11,Indoor,-1.5672923382126014
Overall\1119_Indoor_Scene_11.jpg,11,Indoor,-1.4803216238224612
Overall\1137_Indoor_Scene_11.jpg,11,Indoor,-1.38878644760931
Overall\1113_Indoor_Scene_11.JPG,11,Indoor,-1.2186591250426249
Overall\1194_Indoor_Scene_11.jpg,11,Indoor,-1.0284302321271503
Overall\1133_Indoor_Scene_11.jpg,11,Indoor,-0.9691215049284768
Overall\1195_Indoor_Scene_11.jpg,11,Indoor,-0.958022314528154
Overall\1129_Indoor_Scene_11.jpg,11,Indoor,-0.9068570944589056
Overall\1161_Indoor_Scene_11.JPG,11,Indoor,-0.8932455542052631
Overall\1185_Indoor_Scene_11.jpg,11,Indoor,-0.7188828772261059
Overall\1114_Indoor_Scene_11.JPG,11,Indoor,-0.8655701657218645
Overall\1191_Indoor_Scene_11.jpg,11,Indoor,-0.8783463192934428
Overall\1183_Indoor_Scene_11.jpg,11,Indoor,-0.8011895270372353
Overall\1173_Indoor_Scene_11.jpg,11,Indoor,-0.8349236717057236
Overall\1181_Indoor_Scene_11.jpg,11,Indoor,-0.7546640083557622
Overall\1130_Indoor_Scene_11.jpg,11,Indoor,-0.7111933950487803
Overall\1131_Indoor_Scene_11.JPG,11,Indoor,-0.7183221550888828
Overall\1116_Indoor_Scene_11.jpg,11,Indoor,-0.7581077970967035
Overall\1125_Indoor_Scene_11.jpg,11,Indoor,-0.6429032731288132
Overall\1126_Indoor_Scene_11.jpg,11,Indoor,-0.6382876241806743
Overall\1163_Indoor_Scene_11.jpg,11,Indoor,-0.5443174689524803
Overall\1143_Indoor_Scene_11.jpg,11,Indoor,-0.5265193856223639
Overall\1160_Indoor_Scene_11.JPG,11,Indoor,-0.4603621042792085
Overall\1196_Indoor_Scene_11.jpg,11,Indoor,-0.3245704659299983
Overall\1120_Indoor_Scene_11.JPG,11,Indoor,-0.312436466558108
Overall\1176_Indoor_Scene_11.jpg,11,Indoor,-0.3245900451051329
Overall\1118_Indoor_Scene_11.jpg,11,Indoor,-0.2290817168238438
Overall\1142_Indoor_Scene_11.jpg,11,Indoor,-0.2686436334534339
Overall\1124_Indoor_Scene_11.jpg,11,Indoor,-0.1507419099560737
Overall\1151_Indoor_Scene_11.jpg,11,Indoor,-0.1621532988935761
Overall\1187_Indoor_Scene_11.jpg,11,Indoor,-0.1238417959320003
Overall\1167_Indoor_Scene_11.jpg,11,Indoor,-0.0279299620670924
Overall\1146_Indoor_Scene_11.jpg,11,Indoor,-0.0742377860133273
Overall\1175_Indoor_Scene_11.jpg,11,Indoor,0.0507282469038134
Overall\1171_Indoor_Scene_11.jpg,11,Indoor,0.1375185026459768
Overall\1174_Indoor_Scene_11.jpg,11,Indoor,0.1138515437637762
Overall\1135_Indoor_Scene_11.jpg,11,Indoor,0.1177602962514536
Overall\1153_Indoor_Scene_11.jpg,11,Indoor,0.1930472192505136
Overall\1197_Indoor_Scene_11.jpg,11,Indoor,0.2367475806601256
Overall\1158_Indoor_Scene_11.jpg,11,Indoor,0.2224474134375218
Overall\1199_Indoor_Scene_11.jpg,11,Indoor,0.2469440716290802
Overall\1128_Indoor_Scene_11.JPG,11,Indoor,0.2541628152236573
Overall\1157_Indoor_Scene_11.jpg,11,Indoor,0.3450490017414211
Overall\1147_Indoor_Scene_11.jpg,11,Indoor,0.3344846640331691
Overall\1200_Indoor_Scene_11.JPG,11,Indoor,0.398169637924063
Overall\1168_Indoor_Scene_11.jpg,11,Indoor,0.3785429641345206
Overall\1189_Indoor_Scene_11.jpg,11,Indoor,0.3707193247586567
Overall\1150_Indoor_Scene_11.jpg,11,Indoor,0.4575973764969089
Overall\1177_Indoor_Scene_11.jpg,11,Indoor,0.4663941713527614
Overall\1203_Indoor_Scene_11.tiff,11,Indoor,0.5287563848031868
Overall\1138_Indoor_Scene_11.jpg,11,Indoor,0.5428896130547481
Overall\1202_Indoor_Scene_11.jpg,11,Indoor,0.5399814929550173
Overall\1148_Indoor_Scene_11.jpg,11,Indoor,0.5341841478882081
Overall\1149_Indoor_Scene_11.JPG,11,Indoor,0.6412672486675175
Overall\1180_Indoor_Scene_11.jpg,11,Indoor,0.6077214921203313
Overall\1141_Indoor_Scene_11.jpg,11,Indoor,0.6186949141122794
Overall\1156_Indoor_Scene_11.jpg,11,Indoor,0.718724168304516
Overall\1192_Indoor_Scene_11.jpg,11,Indoor,0.7190343674175425
Overall\1139_Indoor_Scene_11.jpg,11,Indoor,0.7104368206613436
Overall\1152_Indoor_Scene_11.jpg,11,Indoor,0.7585695169297038
Overall\1170_Indoor_Scene_11.jpg,11,Indoor,0.7882046433747077
Overall\1134_Indoor_Scene_11.jpg,11,Indoor,0.9118602228742022
Overall\1123_Indoor_Scene_11.jpg,11,Indoor,0.8190771210659495
Overall\1144_Indoor_Scene_11.jpg,11,Indoor,0.9147490791345064
Overall\1122_Indoor_Scene_11.jpg,11,Indoor,1.0084734755347864
Overall\1164_Indoor_Scene_11.jpg,11,Indoor,1.0043063991911685
Overall\1184_Indoor_Scene_11.jpg,11,Indoor,1.1053629520715098
Overall\1201_Indoor_Scene_11.jpg,11,Indoor,1.1453458982087483
Overall\1132_Indoor_Scene_11.jpg,11,Indoor,1.1763311159190653
Overall\1117_Indoor_Scene_11.jpg,11,Indoor,1.12204263348939
Overall\1127_Indoor_Scene_11.jpg,11,Indoor,1.326513660784559
Overall\1193_Indoor_Scene_11.jpg,11,Indoor,1.2282700293509397
Overall\1188_Indoor_Scene_11.jpg,11,Indoor,1.4320872710404606
Overall\1182_Indoor_Scene_11.jpg,11,Indoor,1.4776948653729178
Overall\1186_Indoor_Scene_11.jpg,11,Indoor,1.4221061671561
Overall\1110_Indoor_Scene_11.jpg,11,Indoor,1.4855455455662
Overall\1166_Indoor_Scene_11.jpg,11,Indoor,1.5216127959818533
Overall\1115_Indoor_Scene_11.jpg,11,Indoor,1.7077201122446888
Overall\1179_Indoor_Scene_11.tiff,11,Indoor,1.884817080369324
Overall\1140_Indoor_Scene_11.jpg,11,Indoor,1.903494181838816
Overall\1111_Indoor_Scene_11.jpg,11,Indoor,2.0865063144247253
Overall\1154_Indoor_Scene_11.jpg,11,Indoor,2.1268092810244905
Overall\1162_Indoor_Scene_11.jpg,11,Indoor,2.4577965267250512
Overall\1198_Indoor_Scene_11.jpg,11,Indoor,2.6351073031176337
Overall\1155_Indoor_Scene_11.tiff,11,Indoor,3.134177985573656
Overall\1624_Lowlight_Scene_16.JPG,16,Lowlight,-3.994668750526592
Overall\1572_Lowlight_Scene_16.jpg,16,Lowlight,-3.034704692587572
Overall\1599_Lowlight_Scene_16.jpg,16,Lowlight,-2.6982769328483096
Overall\1571_Lowlight_Scene_16.jpg,16,Lowlight,-2.570641030330717
Overall\1596_Lowlight_Scene_16.jpg,16,Lowlight,-2.253129787354523
Overall\1641_Lowlight_Scene_16.jpg,16,Lowlight,-2.2147739866108656
Overall\1628_Lowlight_Scene_16.jpg,16,Lowlight,-2.00815780732574
Overall\1592_Lowlight_Scene_16.jpg,16,Lowlight,-1.982411529719614
Overall\1590_Lowlight_Scene_16.jpg,16,Lowlight,-1.927416711782561
Overall\1640_Lowlight_Scene_16.jpg,16,Lowlight,-1.7894975624909686
Overall\1587_Lowlight_Scene_16.jpg,16,Lowlight,-1.7141717468348905
Overall\1594_Lowlight_Scene_16.jpg,16,Lowlight,-1.714153743105985
Overall\1575_Lowlight_Scene_16.jpeg,16,Lowlight,-1.7123607384103317
Overall\1649_Lowlight_Scene_16.jpg,16,Lowlight,-1.659940486959149
Overall\1586_Lowlight_Scene_16.jpg,16,Lowlight,-1.5656555598893795
Overall\1642_Lowlight_Scene_16.jpg,16,Lowlight,-1.4968604372097072
Overall\1576_Lowlight_Scene_16.JPG,16,Lowlight,-1.4021980787934365
Overall\1634_Lowlight_Scene_16.jpg,16,Lowlight,-1.275890076947535
Overall\1585_Lowlight_Scene_16.jpg,16,Lowlight,-1.194282809127801
Overall\1593_Lowlight_Scene_16.jpg,16,Lowlight,-1.108986231570316
Overall\1629_Lowlight_Scene_16.jpg,16,Lowlight,-1.0269305322480606
Overall\1635_Lowlight_Scene_16.jpg,16,Lowlight,-0.949348357216972
Overall\1626_Lowlight_Scene_16.jpg,16,Lowlight,-1.0448352536088197
Overall\1639_Lowlight_Scene_16.jpg,16,Lowlight,-0.6885510409387257
Overall\1589_Lowlight_Scene_16.jpg,16,Lowlight,-0.6302456868100083
Overall\1646_Lowlight_Scene_16.JPG,16,Lowlight,-0.5363465761592966
Overall\1613_Lowlight_Scene_16.jpg,16,Lowlight,-0.4807124342777832
Overall\1622_Lowlight_Scene_16.jpg,16,Lowlight,-0.5236317879754107
Overall\1633_Lowlight_Scene_16.jpg,16,Lowlight,-0.4899517118583644
Overall\1591_Lowlight_Scene_16.jpg,16,Lowlight,-0.4416721371550976
Overall\1598_Lowlight_Scene_16.jpg,16,Lowlight,-0.451319750961162
Overall\1630_Lowlight_Scene_16.jpg,16,Lowlight,-0.5471394886530944
Overall\1579_Lowlight_Scene_16.jpg,16,Lowlight,-0.3499083177939113
Overall\1637_Lowlight_Scene_16.jpeg,16,Lowlight,-0.395793205895005
Overall\1631_Lowlight_Scene_16.jpg,16,Lowlight,-0.3141928922564893
Overall\1584_Lowlight_Scene_16.JPG,16,Lowlight,-0.2470254098198683
Overall\1632_Lowlight_Scene_16.jpg,16,Lowlight,-0.2472256797147331
Overall\1647_Lowlight_Scene_16.jpg,16,Lowlight,-0.1319491472822447
Overall\1619_Lowlight_Scene_16.jpg,16,Lowlight,-0.011472938700057
Overall\1568_Lowlight_Scene_16.jpg,16,Lowlight,-0.0237563913844957
Overall\1602_Lowlight_Scene_16.jpg,16,Lowlight,-0.0136140258210171
Overall\1569_Lowlight_Scene_16.jpg,16,Lowlight,0.0126534087655889
Overall\1614_Lowlight_Scene_16.jpg,16,Lowlight,0.1358953668912841
Overall\1618_Lowlight_Scene_16.jpg,16,Lowlight,0.0515071645901605
Overall\1581_Lowlight_Scene_16.jpg,16,Lowlight,0.1179446550477728
Overall\1609_Lowlight_Scene_16.JPG,16,Lowlight,0.2123299539484094
Overall\1644_Lowlight_Scene_16.jpg,16,Lowlight,0.203239695744877
Overall\1607_Lowlight_Scene_16.JPG,16,Lowlight,0.1233964193691718
Overall\1623_Lowlight_Scene_16.jpg,16,Lowlight,0.3358228151087982
Overall\1582_Lowlight_Scene_16.JPG,16,Lowlight,0.3442782902689723
Overall\1617_Lowlight_Scene_16.jpg,16,Lowlight,0.3574690327949106
Overall\1606_Lowlight_Scene_16.JPG,16,Lowlight,0.4340051586292971
Overall\1570_Lowlight_Scene_16.jpg,16,Lowlight,0.4069957538465754
Overall\1608_Lowlight_Scene_16.JPG,16,Lowlight,0.3977850668588852
Overall\1600_Lowlight_Scene_16.JPG,16,Lowlight,0.4622803821966187
Overall\1573_Lowlight_Scene_16.JPG,16,Lowlight,0.4726461798794558
Overall\1597_Lowlight_Scene_16.jpg,16,Lowlight,0.5060852612192752
Overall\1611_Lowlight_Scene_16.jpg,16,Lowlight,0.5348779363129738
Overall\1625_Lowlight_Scene_16.JPG,16,Lowlight,0.4858407418555912
Overall\1612_Lowlight_Scene_16.jpg,16,Lowlight,0.5625223350004595
Overall\1638_Lowlight_Scene_16.jpg,16,Lowlight,0.5587501209296869
Overall\1577_Lowlight_Scene_16.jpg,16,Lowlight,0.5463171705448073
Overall\1627_Lowlight_Scene_16.jpg,16,Lowlight,0.576800428496968
Overall\1583_Lowlight_Scene_16.jpg,16,Lowlight,0.7676499290138658
Overall\1588_Lowlight_Scene_16.jpg,16,Lowlight,0.9218379277850304
Overall\1574_Lowlight_Scene_16.JPG,16,Lowlight,0.9597051480478682
Overall\1604_Lowlight_Scene_16.JPG,16,Lowlight,0.9647848722687415
Overall\1615_Lowlight_Scene_16.jpg,16,Lowlight,1.0372824761855086
Overall\1578_Lowlight_Scene_16.jpg,16,Lowlight,1.0534697285896146
Overall\1620_Lowlight_Scene_16.jpg,16,Lowlight,1.2997933988811892
Overall\1567_Lowlight_Scene_16.JPG,16,Lowlight,1.3541823614883677
Overall\1564_Lowlight_Scene_16.jpg,16,Lowlight,1.3433900620590922
Overall\1645_Lowlight_Scene_16.jpg,16,Lowlight,1.4491775535915798
Overall\1566_Lowlight_Scene_16.JPG,16,Lowlight,1.4983712403496523
Overall\1595_Lowlight_Scene_16.jpg,16,Lowlight,1.4850692272586905
Overall\1621_Lowlight_Scene_16.jpg,16,Lowlight,1.5711668796463805
Overall\1648_Lowlight_Scene_16.jpg,16,Lowlight,1.6117756032936372
Overall\1580_Lowlight_Scene_16.jpg,16,Lowlight,1.8305955983576847
Overall\1563_Lowlight_Scene_16.jpg,16,Lowlight,1.908737485638555
Overall\1636_Lowlight_Scene_16.jpg,16,Lowlight,2.016401811352748
Overall\1603_Lowlight_Scene_16.jpg,16,Lowlight,2.144230854304115
Overall\1610_Lowlight_Scene_16.jpg,16,Lowlight,2.1594462759221025
Overall\1565_Lowlight_Scene_16.JPG,16,Lowlight,2.3726219905065973
Overall\1616_Lowlight_Scene_16.jpg,16,Lowlight,2.6257343904829726
Overall\1601_Lowlight_Scene_16.jpg,16,Lowlight,2.869810685921661
Overall\1643_Lowlight_Scene_16.jpg,16,Lowlight,2.810541008316109
Overall\1605_Lowlight_Scene_16.jpg,16,Lowlight,2.968581619394308
Overall\1690_Lowlight_Scene_17.jpg,17,Lowlight,-3.712870268839287
Overall\1697_Lowlight_Scene_17.jpg,17,Lowlight,-2.8473489799218976
Overall\1684_Lowlight_Scene_17.jpg,17,Lowlight,-2.6635118995591847
Overall\1664_Lowlight_Scene_17.jpg,17,Lowlight,-2.582868993100284
Overall\1658_Lowlight_Scene_17.jpg,17,Lowlight,-2.0605041305390333
Overall\1670_Lowlight_Scene_17.jpg,17,Lowlight,-2.2852288267166685
Overall\1689_Lowlight_Scene_17.JPG,17,Lowlight,-2.0170468690679733
Overall\1667_Lowlight_Scene_17.JPG,17,Lowlight,-1.8824916123391373
Overall\1674_Lowlight_Scene_17.JPG,17,Lowlight,-1.9481136865307929
Overall\1722_Lowlight_Scene_17.jpg,17,Lowlight,-1.813556885609504
Overall\1662_Lowlight_Scene_17.jpg,17,Lowlight,-1.8203987966305453
Overall\1676_Lowlight_Scene_17.JPG,17,Lowlight,-1.68931111515738
Overall\1709_Lowlight_Scene_17.jpg,17,Lowlight,-1.68231507639762
Overall\1707_Lowlight_Scene_17.jpg,17,Lowlight,-1.6341414330840898
Overall\1726_Lowlight_Scene_17.jpg,17,Lowlight,-1.500749492518124
Overall\1746_Lowlight_Scene_17.jpg,17,Lowlight,-1.2472903669596227
Overall\1677_Lowlight_Scene_17.JPG,17,Lowlight,-1.2737258458069396
Overall\1750_Lowlight_Scene_17.jpg,17,Lowlight,-1.0829831825243528
Overall\1732_Lowlight_Scene_17.jpg,17,Lowlight,-1.2068350870903433
Overall\1708_Lowlight_Scene_17.jpg,17,Lowlight,-1.0410094068351186
Overall\1715_Lowlight_Scene_17.jpg,17,Lowlight,-1.019274084619895
Overall\1660_Lowlight_Scene_17.jpg,17,Lowlight,-0.9384415179402644
Overall\1687_Lowlight_Scene_17.jpg,17,Lowlight,-0.908817149506314
Overall\1652_Lowlight_Scene_17.jpg,17,Lowlight,-1.0220758175216789
Overall\1653_Lowlight_Scene_17.jpg,17,Lowlight,-0.9198284595936898
Overall\1742_Lowlight_Scene_17.jpg,17,Lowlight,-0.7574751793548603
Overall\1720_Lowlight_Scene_17.jpg,17,Lowlight,-0.742369963990421
Overall\1666_Lowlight_Scene_17.jpg,17,Lowlight,-0.9926983996254198
Overall\1713_Lowlight_Scene_17.jpg,17,Lowlight,-0.7270817704215535
Overall\1737_Lowlight_Scene_17.jpg,17,Lowlight,-0.8367728582737253
Overall\1665_Lowlight_Scene_17.jpg,17,Lowlight,-0.6396459552419533
Overall\1685_Lowlight_Scene_17.jpg,17,Lowlight,-0.6952916874318812
Overall\1680_Lowlight_Scene_17.jpg,17,Lowlight,-0.7197353217069579
Overall\1705_Lowlight_Scene_17.jpg,17,Lowlight,-0.7024477837536178
Overall\1711_Lowlight_Scene_17.jpg,17,Lowlight,-0.6045741393884091
Overall\1731_Lowlight_Scene_17.jpg,17,Lowlight,-0.6319310332288849
Overall\1717_Lowlight_Scene_17.jpg,17,Lowlight,-0.5377589382461527
Overall\1736_Lowlight_Scene_17.jpg,17,Lowlight,-0.4597163144905485
Overall\1748_Lowlight_Scene_17.jpg,17,Lowlight,-0.4850285615166407
Overall\1721_Lowlight_Scene_17.jpg,17,Lowlight,-0.4847738137887863
Overall\1725_Lowlight_Scene_17.jpg,17,Lowlight,-0.483440706861197
Overall\1683_Lowlight_Scene_17.jpg,17,Lowlight,-0.4677325153308398
Overall\1751_Lowlight_Scene_17.jpg,17,Lowlight,-0.4419714564192407
Overall\1655_Lowlight_Scene_17.jpg,17,Lowlight,-0.3966221923984883
Overall\1739_Lowlight_Scene_17.JPG,17,Lowlight,-0.2524662740021239
Overall\1700_Lowlight_Scene_17.jpg,17,Lowlight,-0.2550129751712907
Overall\1678_Lowlight_Scene_17.jpg,17,Lowlight,-0.2589418892458104
Overall\1673_Lowlight_Scene_17.jpg,17,Lowlight,-0.2773897714828428
Overall\1657_Lowlight_Scene_17.jpg,17,Lowlight,-0.1819374660120798
Overall\1719_Lowlight_Scene_17.jpg,17,Lowlight,-0.1667161367680516
Overall\1723_Lowlight_Scene_17.jpg,17,Lowlight,-0.1292277744002888
Overall\1749_Lowlight_Scene_17.jpg,17,Lowlight,0.0033926743278015
Overall\1724_Lowlight_Scene_17.jpg,17,Lowlight,0.0299888692153172
Overall\1743_Lowlight_Scene_17.jpg,17,Lowlight,-0.0310304048312735
Overall\1682_Lowlight_Scene_17.jpg,17,Lowlight,0.0525327675185869
Overall\1704_Lowlight_Scene_17.jpg,17,Lowlight,0.0771155358403584
Overall\1699_Lowlight_Scene_17.jpg,17,Lowlight,0.2816157495327901
Overall\1694_Lowlight_Scene_17.jpg,17,Lowlight,0.1862019170499267
Overall\1671_Lowlight_Scene_17.jpg,17,Lowlight,0.3000192163990129
Overall\1686_Lowlight_Scene_17.jpg,17,Lowlight,0.1503342945659925
Overall\1706_Lowlight_Scene_17.jpg,17,Lowlight,0.2755283531236293
Overall\1744_Lowlight_Scene_17.jpg,17,Lowlight,0.2809488980490534
Overall\1695_Lowlight_Scene_17.jpg,17,Lowlight,0.3697437635769677
Overall\1672_Lowlight_Scene_17.jpg,17,Lowlight,0.3762749824008385
Overall\1675_Lowlight_Scene_17.jpg,17,Lowlight,0.415143170061668
Overall\1738_Lowlight_Scene_17.jpg,17,Lowlight,0.3766384444603829
Overall\1747_Lowlight_Scene_17.JPG,17,Lowlight,0.4693913872455003
Overall\1716_Lowlight_Scene_17.jpg,17,Lowlight,0.4445353551288044
Overall\1691_Lowlight_Scene_17.jpg,17,Lowlight,0.5048712959738044
Overall\1650_Lowlight_Scene_17.JPG,17,Lowlight,0.4400857525743247
Overall\1679_Lowlight_Scene_17.jpg,17,Lowlight,0.540565069765375
Overall\1735_Lowlight_Scene_17.jpg,17,Lowlight,0.619068588362006
Overall\1688_Lowlight_Scene_17.jpg,17,Lowlight,0.6099146248128126
Overall\1668_Lowlight_Scene_17.JPG,17,Lowlight,0.7081492425813134
Overall\1718_Lowlight_Scene_17.jpg,17,Lowlight,0.6826693090845017
Overall\1693_Lowlight_Scene_17.jpg,17,Lowlight,0.7658506977300512
Overall\1663_Lowlight_Scene_17.jpg,17,Lowlight,0.8027915932471319
Overall\1730_Lowlight_Scene_17.jpg,17,Lowlight,0.7889459688327831
Overall\1714_Lowlight_Scene_17.jpg,17,Lowlight,0.9088803419134052
Overall\1669_Lowlight_Scene_17.jpg,17,Lowlight,0.9573526816846814
Overall\1701_Lowlight_Scene_17.jpg,17,Lowlight,1.0779144921962385
Overall\1727_Lowlight_Scene_17.jpg,17,Lowlight,1.1256507463042222
Overall\1734_Lowlight_Scene_17.jpg,17,Lowlight,1.168332278516276
Overall\1712_Lowlight_Scene_17.jpg,17,Lowlight,1.374300236981338
Overall\1728_Lowlight_Scene_17.jpg,17,Lowlight,1.4962091034230456
Overall\1733_Lowlight_Scene_17.jpg,17,Lowlight,1.44786806101041
Overall\1729_Lowlight_Scene_17.jpg,17,Lowlight,1.5491197133466343
Overall\1659_Lowlight_Scene_17.jpg,17,Lowlight,1.568764659854309
Overall\1654_Lowlight_Scene_17.jpg,17,Lowlight,1.5723488978728466
Overall\1698_Lowlight_Scene_17.JPG,17,Lowlight,1.5994315014304268
Overall\1656_Lowlight_Scene_17.jpg,17,Lowlight,1.759271260398924
Overall\1651_Lowlight_Scene_17.jpg,17,Lowlight,1.9033340722793315
Overall\1692_Lowlight_Scene_17.jpg,17,Lowlight,2.0499374887194786
Overall\1745_Lowlight_Scene_17.jpg,17,Lowlight,2.097254101332421
Overall\1740_Lowlight_Scene_17.jpg,17,Lowlight,2.0794060165009123
Overall\1710_Lowlight_Scene_17.jpg,17,Lowlight,2.1718324212767137
Overall\1703_Lowlight_Scene_17.jpg,17,Lowlight,2.1734329323627275
Overall\1741_Lowlight_Scene_17.jpg,17,Lowlight,2.383587781261325
Overall\1696_Lowlight_Scene_17.jpg,17,Lowlight,2.377358182490848
Overall\1681_Lowlight_Scene_17.jpg,17,Lowlight,2.746315267562012
Overall\1702_Lowlight_Scene_17.jpg,17,Lowlight,3.556963587846674
Overall\1661_Lowlight_Scene_17.jpg,17,Lowlight,4.463346919767146
Overall\2124_Lowlight_Scene_20.jpg,20,Lowlight,-4.171098254798844
Overall\2062_Lowlight_Scene_20.jpg,20,Lowlight,-3.9936383275490392
Overall\2055_Lowlight_Scene_20.jpg,20,Lowlight,-3.700434244900437
Overall\2117_Lowlight_Scene_20.jpg,20,Lowlight,-3.4364404672575
Overall\2121_Lowlight_Scene_20.jpg,20,Lowlight,-2.8801504066317376
Overall\2012_Lowlight_Scene_20.jpg,20,Lowlight,-2.558616058313801
Overall\2041_Lowlight_Scene_20.jpg,20,Lowlight,-2.249243906202788
Overall\2031_Lowlight_Scene_20.JPG,20,Lowlight,-2.265143456221901
Overall\2035_Lowlight_Scene_20.jpg,20,Lowlight,-2.2161761061517176
Overall\2034_Lowlight_Scene_20.jpg,20,Lowlight,-2.1453406398938
Overall\2033_Lowlight_Scene_20.jpg,20,Lowlight,-2.049254102043086
Overall\2074_Lowlight_Scene_20.jpg,20,Lowlight,-2.009487173467243
Overall\2030_Lowlight_Scene_20.jpg,20,Lowlight,-1.9433646036035392
Overall\2048_Lowlight_Scene_20.jpg,20,Lowlight,-1.9386683701684144
Overall\2111_Lowlight_Scene_20.JPG,20,Lowlight,-1.761044968554952
Overall\2010_Lowlight_Scene_20.jpg,20,Lowlight,-1.7473003623515373
Overall\2072_Lowlight_Scene_20.jpg,20,Lowlight,-1.6802224199671862
Overall\2037_Lowlight_Scene_20.jpg,20,Lowlight,-1.58741290631809
Overall\2073_Lowlight_Scene_20.JPG,20,Lowlight,-1.4477086115001232
Overall\2090_Lowlight_Scene_20.jpg,20,Lowlight,-1.3841589653330797
Overall\2021_Lowlight_Scene_20.jpg,20,Lowlight,-1.1418364007711508
Overall\2100_Lowlight_Scene_20.jpg,20,Lowlight,-1.163077685639227
Overall\2095_Lowlight_Scene_20.jpg,20,Lowlight,-1.142547330230362
Overall\2005_Lowlight_Scene_20.jpg,20,Lowlight,-1.0128630333482136
Overall\2125_Lowlight_Scene_20.JPG,20,Lowlight,-0.8133199346155502
Overall\2109_Lowlight_Scene_20.jpg,20,Lowlight,-0.7497923419843932
Overall\2043_Lowlight_Scene_20.jpg,20,Lowlight,-0.663080019565074
Overall\2036_Lowlight_Scene_20.JPG,20,Lowlight,-0.7435978218274117
Overall\2042_Lowlight_Scene_20.jpg,20,Lowlight,-0.72332190469674
Overall\2020_Lowlight_Scene_20.jpg,20,Lowlight,-0.6793745922855625
Overall\2027_Lowlight_Scene_20.jpg,20,Lowlight,-0.6225170945578666
Overall\2098_Lowlight_Scene_20.JPG,20,Lowlight,-0.6289034232830576
Overall\2113_Lowlight_Scene_20.jpg,20,Lowlight,-0.5795327164315287
Overall\2115_Lowlight_Scene_20.jpg,20,Lowlight,-0.5516037839199446
Overall\2059_Lowlight_Scene_20.jpg,20,Lowlight,-0.5914540181198754
Overall\2107_Lowlight_Scene_20.jpg,20,Lowlight,-0.4449171452537787
Overall\2023_Lowlight_Scene_20.jpg,20,Lowlight,-0.4421189964884794
Overall\2063_Lowlight_Scene_20.jpg,20,Lowlight,-0.4816019397691142
Overall\2092_Lowlight_Scene_20.jpg,20,Lowlight,-0.4183050593962979
Overall\2069_Lowlight_Scene_20.jpg,20,Lowlight,-0.3724703033684546
Overall\2078_Lowlight_Scene_20.jpg,20,Lowlight,-0.4075871921068815
Overall\2011_Lowlight_Scene_20.jpg,20,Lowlight,-0.3389778985843715
Overall\2007_Lowlight_Scene_20.jpg,20,Lowlight,-0.3397986159590514
Overall\2016_Lowlight_Scene_20.jpg,20,Lowlight,-0.3272858684812615
Overall\2076_Lowlight_Scene_20.jpg,20,Lowlight,-0.269494751833389
Overall\2038_Lowlight_Scene_20.jpg,20,Lowlight,-0.2818245623513294
Overall\2039_Lowlight_Scene_20.jpg,20,Lowlight,-0.2883871643543892
Overall\2082_Lowlight_Scene_20.jpg,20,Lowlight,-0.2174086870439514
Overall\2105_Lowlight_Scene_20.jpg,20,Lowlight,-0.2434109733780863
Overall\2049_Lowlight_Scene_20.jpg,20,Lowlight,-0.2054618119034633
Overall\2006_Lowlight_Scene_20.jpg,20,Lowlight,-0.2348253406329488
Overall\2047_Lowlight_Scene_20.jpg,20,Lowlight,-0.2157481155068507
Overall\2066_Lowlight_Scene_20.jpg,20,Lowlight,-0.2661728668200479
Overall\2114_Lowlight_Scene_20.jpg,20,Lowlight,-0.4509287782210113
Overall\2079_Lowlight_Scene_20.jpg,20,Lowlight,-0.1544663090991203
Overall\2091_Lowlight_Scene_20.jpg,20,Lowlight,-0.3617258786639831
Overall\2101_Lowlight_Scene_20.jpg,20,Lowlight,-0.1721141772406756
Overall\2071_Lowlight_Scene_20.jpg,20,Lowlight,-0.1525314537465947
Overall\2108_Lowlight_Scene_20.JPG,20,Lowlight,-0.2017628783783647
Overall\2116_Lowlight_Scene_20.JPG,20,Lowlight,-0.0634079318810414
Overall\2017_Lowlight_Scene_20.jpg,20,Lowlight,0.0191968210417421
Overall\2057_Lowlight_Scene_20.jpg,20,Lowlight,0.0121829485090283
Overall\2022_Lowlight_Scene_20.jpg,20,Lowlight,0.0563879090370606
Overall\2003_Lowlight_Scene_20.jpg,20,Lowlight,0.012757755049471
Overall\2009_Lowlight_Scene_20.jpg,20,Lowlight,0.0602034280237315
Overall\2064_Lowlight_Scene_20.jpg,20,Lowlight,0.0889217995045968
Overall\2051_Lowlight_Scene_20.jpg,20,Lowlight,0.17388932994097
Overall\2060_Lowlight_Scene_20.jpg,20,Lowlight,0.19218788766719
Overall\2058_Lowlight_Scene_20.JPG,20,Lowlight,0.1607168610481986
Overall\2056_Lowlight_Scene_20.JPG,20,Lowlight,0.167384366962513
Overall\2067_Lowlight_Scene_20.jpg,20,Lowlight,0.1534109426585593
Overall\2099_Lowlight_Scene_20.jpg,20,Lowlight,0.2453488076577605
Overall\2013_Lowlight_Scene_20.jpg,20,Lowlight,0.2525467551097188
Overall\2065_Lowlight_Scene_20.jpg,20,Lowlight,0.2714964973105713
Overall\2118_Lowlight_Scene_20.jpg,20,Lowlight,0.2533796593204904
Overall\2077_Lowlight_Scene_20.jpg,20,Lowlight,0.2183341181087723
Overall\2024_Lowlight_Scene_20.jpg,20,Lowlight,0.1210345655477782
Overall\2119_Lowlight_Scene_20.jpg,20,Lowlight,0.2935692059790682
Overall\2126_Lowlight_Scene_20.jpg,20,Lowlight,0.3212438640372185
Overall\2050_Lowlight_Scene_20.jpg,20,Lowlight,0.2864634961386534
Overall\2110_Lowlight_Scene_20.jpg,20,Lowlight,0.2425251078846899
Overall\2015_Lowlight_Scene_20.jpg,20,Lowlight,0.4294949726247175
Overall\2026_Lowlight_Scene_20.jpg,20,Lowlight,0.3968609100219814
Overall\2018_Lowlight_Scene_20.jpg,20,Lowlight,0.513319738118216
Overall\2070_Lowlight_Scene_20.jpg,20,Lowlight,0.4893894667709442
Overall\2089_Lowlight_Scene_20.jpg,20,Lowlight,0.3617916559226538
Overall\2029_Lowlight_Scene_20.jpg,20,Lowlight,0.5805096549003967
Overall\2046_Lowlight_Scene_20.jpg,20,Lowlight,0.5823635224190284
Overall\2088_Lowlight_Scene_20.jpg,20,Lowlight,0.6735988685767135
Overall\2032_Lowlight_Scene_20.jpg,20,Lowlight,0.7857315321205712
Overall\2045_Lowlight_Scene_20.jpg,20,Lowlight,1.055161574856078
Overall\2075_Lowlight_Scene_20.jpg,20,Lowlight,0.9792157317963648
Overall\2106_Lowlight_Scene_20.jpg,20,Lowlight,1.038913604960471
Overall\2094_Lowlight_Scene_20.jpg,20,Lowlight,1.0242957067105962
Overall\2103_Lowlight_Scene_20.jpg,20,Lowlight,0.9545848519847466
Overall\2019_Lowlight_Scene_20.jpg,20,Lowlight,1.116454876466787
Overall\2120_Lowlight_Scene_20.jpg,20,Lowlight,1.179499222456503
Overall\2096_Lowlight_Scene_20.jpg,20,Lowlight,1.1121585063692063
Overall\2086_Lowlight_Scene_20.jpg,20,Lowlight,1.207672868479941
Overall\2093_Lowlight_Scene_20.jpg,20,Lowlight,1.1568512991229103
Overall\2044_Lowlight_Scene_20.jpg,20,Lowlight,1.2032239463315304
Overall\2004_Lowlight_Scene_20.jpg,20,Lowlight,1.1739024919245458
Overall\2081_Lowlight_Scene_20.jpg,20,Lowlight,1.1535228619709288
Overall\2053_Lowlight_Scene_20.jpg,20,Lowlight,1.282191523614112
Overall\2008_Lowlight_Scene_20.jpg,20,Lowlight,1.2375457631704765
Overall\2061_Lowlight_Scene_20.jpg,20,Lowlight,1.368818512531288
Overall\2040_Lowlight_Scene_20.jpg,20,Lowlight,1.4246758511358713
Overall\2123_Lowlight_Scene_20.jpg,20,Lowlight,1.4241223615689194
Overall\2083_Lowlight_Scene_20.jpg,20,Lowlight,1.4623294900257977
Overall\2028_Lowlight_Scene_20.jpg,20,Lowlight,1.470303920778269
Overall\2002_Lowlight_Scene_20.jpg,20,Lowlight,1.3921473972958618
Overall\2102_Lowlight_Scene_20.jpg,20,Lowlight,1.5674502178089675
Overall\2025_Lowlight_Scene_20.jpg,20,Lowlight,1.5175022165335708
Overall\2084_Lowlight_Scene_20.jpg,20,Lowlight,1.5812669230233924
Overall\2097_Lowlight_Scene_20.jpg,20,Lowlight,1.7877380655691937
Overall\2122_Lowlight_Scene_20.JPG,20,Lowlight,1.8834766866130228
Overall\2068_Lowlight_Scene_20.jpg,20,Lowlight,1.842631718455617
Overall\2080_Lowlight_Scene_20.jpg,20,Lowlight,2.149093505845203
Overall\2014_Lowlight_Scene_20.jpg,20,Lowlight,2.2370377720700505
Overall\2104_Lowlight_Scene_20.jpg,20,Lowlight,2.2271825381976744
Overall\2052_Lowlight_Scene_20.jpg,20,Lowlight,2.9481769472161443
Overall\2087_Lowlight_Scene_20.jpg,20,Lowlight,3.06829619168615
Overall\2054_Lowlight_Scene_20.jpg,20,Lowlight,2.742972633065652
Overall\2112_Lowlight_Scene_20.jpg,20,Lowlight,3.4648357692170504
Overall\2085_Lowlight_Scene_20.jpg,20,Lowlight,3.472965156101812
Overall\3054_Night_Scene_28.jpg,28,Night,-3.9598353334169687
Overall\3034_Night_Scene_28.jpg,28,Night,-3.1970190986298768
Overall\2956_Night_Scene_28.jpg,28,Night,-3.141638622478378
Overall\2968_Night_Scene_28.jpg,28,Night,-2.9763595083476897
Overall\3060_Night_Scene_28.jpg,28,Night,-2.9171748426604607
Overall\3038_Night_Scene_28.jpg,28,Night,-2.887025299897901
Overall\2982_Night_Scene_28.jpg,28,Night,-2.7226828527768503
Overall\3013_Night_Scene_28.jpg,28,Night,-2.6261649669779046
Overall\3032_Night_Scene_28.jpg,28,Night,-2.393692739330456
Overall\3024_Night_Scene_28.JPG,28,Night,-2.062351773269101
Overall\2961_Night_Scene_28.jpg,28,Night,-1.9614578403682863
Overall\2979_Night_Scene_28.jpg,28,Night,-1.8745959150689624
Overall\2986_Night_Scene_28.jpg,28,Night,-1.8492710101725105
Overall\3044_Night_Scene_28.jpg,28,Night,-1.6608567270990615
Overall\3010_Night_Scene_28.jpg,28,Night,-1.5103765634692603
Overall\3030_Night_Scene_28.jpg,28,Night,-1.2498616459415266
Overall\3061_Night_Scene_28.jpg,28,Night,-1.2362112841314683
Overall\2991_Night_Scene_28.JPG,28,Night,-1.1231102193078533
Overall\2977_Night_Scene_28.jpg,28,Night,-1.1663428257989863
Overall\2984_Night_Scene_28.jpg,28,Night,-1.0981396832493688
Overall\2972_Night_Scene_28.jpg,28,Night,-1.120980657317362
Overall\2951_Night_Scene_28.jpg,28,Night,-1.0071025066273964
Overall\2993_Night_Scene_28.jpg,28,Night,-1.026017692891442
Overall\3047_Night_Scene_28.jpg,28,Night,-0.9649249003237688
Overall\2974_Night_Scene_28.jpg,28,Night,-0.937696773025212
Overall\2980_Night_Scene_28.JPG,28,Night,-0.9159517623183028
Overall\3004_Night_Scene_28.jpg,28,Night,-0.9326379976617384
Overall\3052_Night_Scene_28.jpg,28,Night,-0.9224169360152534
Overall\3023_Night_Scene_28.JPG,28,Night,-0.6456601904721858
Overall\3058_Night_Scene_28.jpg,28,Night,-0.6467995352616397
Overall\2963_Night_Scene_28.jpg,28,Night,-0.6594792825907683
Overall\2969_Night_Scene_28.jpg,28,Night,-0.6014817404454923
Overall\3028_Night_Scene_28.JPG,28,Night,-0.6390061262661388
Overall\2970_Night_Scene_28.jpg,28,Night,-0.5572383913197796
Overall\2954_Night_Scene_28.jpg,28,Night,-0.4311810985206955
Overall\2953_Night_Scene_28.jpg,28,Night,-0.4096490694015152
Overall\3039_Night_Scene_28.jpg,28,Night,-0.405520825627955
Overall\3031_Night_Scene_28.jpg,28,Night,-0.2497778194361706
Overall\3014_Night_Scene_28.jpg,28,Night,-0.2585380751762108
Overall\2994_Night_Scene_28.jpg,28,Night,-0.2830636502871898
Overall\2998_Night_Scene_28.JPG,28,Night,-0.2493118027877021
Overall\2983_Night_Scene_28.jpg,28,Night,-0.244861643361552
Overall\2996_Night_Scene_28.jpg,28,Night,-0.2003659769135716
Overall\3040_Night_Scene_28.jpg,28,Night,-0.1800249775782168
Overall\2971_Night_Scene_28.jpg,28,Night,-0.1373513494597161
Overall\3029_Night_Scene_28.jpg,28,Night,-0.1988213266793811
Overall\3022_Night_Scene_28.jpg,28,Night,-0.15353021278831
Overall\2958_Night_Scene_28.jpg,28,Night,-0.194376929816947
Overall\3051_Night_Scene_28.jpg,28,Night,-0.1702754846046307
Overall\2997_Night_Scene_28.JPG,28,Night,-0.079581011268989
Overall\2950_Night_Scene_28.jpg,28,Night,-0.0414792610339282
Overall\2957_Night_Scene_28.JPG,28,Night,-0.0456685019811394
Overall\3026_Night_Scene_28.jpg,28,Night,-0.0083366107182282
Overall\2981_Night_Scene_28.jpg,28,Night,-0.0258444014003612
Overall\3002_Night_Scene_28.jpg,28,Night,-0.0294466516652332
Overall\2988_Night_Scene_28.jpg,28,Night,-0.0330036399364868
Overall\3046_Night_Scene_28.jpg,28,Night,0.0091742332325183
Overall\3053_Night_Scene_28.jpg,28,Night,0.0058794597712076
Overall\3009_Night_Scene_28.JPG,28,Night,0.22137045452276
Overall\3045_Night_Scene_28.jpg,28,Night,0.0914617144616437
Overall\3003_Night_Scene_28.jpg,28,Night,0.0523959398974695
Overall\3043_Night_Scene_28.JPG,28,Night,0.0579724382237914
Overall\3048_Night_Scene_28.jpg,28,Night,0.0717529976783668
Overall\2967_Night_Scene_28.jpg,28,Night,0.1494234920866664
Overall\2973_Night_Scene_28.jpg,28,Night,0.0897402906232791
Overall\2966_Night_Scene_28.jpg,28,Night,0.0849099628704812
Overall\3059_Night_Scene_28.jpg,28,Night,0.1399371758069461
Overall\3008_Night_Scene_28.jpg,28,Night,0.1536910663147226
Overall\2990_Night_Scene_28.jpg,28,Night,0.1342271329638163
Overall\3021_Night_Scene_28.JPG,28,Night,0.1871510915838417
Overall\3056_Night_Scene_28.jpg,28,Night,0.2695195448933965
Overall\3055_Night_Scene_28.jpg,28,Night,0.3346565538270599
Overall\3050_Night_Scene_28.jpg,28,Night,0.2905801475541826
Overall\3015_Night_Scene_28.jpg,28,Night,0.3694330901682731
Overall\2959_Night_Scene_28.jpg,28,Night,0.3738261103967676
Overall\2999_Night_Scene_28.JPG,28,Night,0.5079999654547089
Overall\3012_Night_Scene_28.jpg,28,Night,0.4555828838160679
Overall\2992_Night_Scene_28.jpg,28,Night,0.3627816895172774
Overall\3019_Night_Scene_28.jpg,28,Night,0.5987320903527986
Overall\3037_Night_Scene_28.jpg,28,Night,0.4964727595886958
Overall\2989_Night_Scene_28.jpg,28,Night,0.6609801345779867
Overall\3057_Night_Scene_28.jpg,28,Night,0.6788025136961722
Overall\3033_Night_Scene_28.jpg,28,Night,0.7813737048110522
Overall\2976_Night_Scene_28.jpg,28,Night,0.8112607389478601
Overall\3011_Night_Scene_28.jpg,28,Night,0.6885955181591519
Overall\3000_Night_Scene_28.jpg,28,Night,0.7913259835651308
Overall\3036_Night_Scene_28.jpg,28,Night,1.0229417127445335
Overall\3018_Night_Scene_28.jpg,28,Night,1.0286682191318286
Overall\2955_Night_Scene_28.jpg,28,Night,1.0689159763032752
Overall\2962_Night_Scene_28.jpg,28,Night,1.0793198995259028
Overall\2965_Night_Scene_28.jpg,28,Night,1.1386114971195858
Overall\2975_Night_Scene_28.jpg,28,Night,1.2622427705558388
Overall\3001_Night_Scene_28.jpg,28,Night,1.3172719746325143
Overall\3007_Night_Scene_28.jpg,28,Night,1.406665557020756
Overall\3027_Night_Scene_28.jpg,28,Night,1.374456698204494
Overall\2964_Night_Scene_28.jpg,28,Night,1.4090690377596122
Overall\2960_Night_Scene_28.jpg,28,Night,1.501926342072362
Overall\3041_Night_Scene_28.jpg,28,Night,1.6194306789403587
Overall\2995_Night_Scene_28.jpg,28,Night,1.719701982530706
Overall\3025_Night_Scene_28.jpg,28,Night,1.7988264419005098
Overall\2978_Night_Scene_28.jpg,28,Night,1.9214219390238387
Overall\3016_Night_Scene_28.jpg,28,Night,2.045804523444283
Overall\3017_Night_Scene_28.jpg,28,Night,2.230693453627398
Overall\3020_Night_Scene_28.jpg,28,Night,2.310977169441514
Overall\2985_Night_Scene_28.jpg,28,Night,2.3360138305526497
Overall\3042_Night_Scene_28.jpg,28,Night,2.4420199090375188
Overall\3005_Night_Scene_28.jpg,28,Night,2.5325715844491827
Overall\2952_Night_Scene_28.jpg,28,Night,2.338875443755965
Overall\3049_Night_Scene_28.jpg,28,Night,3.007308665366208
Overall\2987_Night_Scene_28.jpg,28,Night,3.242499402437292
Overall\3006_Night_Scene_28.jpg,28,Night,3.132025907103216
Overall\3035_Night_Scene_28.jpg,28,Night,3.012302069328046
Overall\3223_Night_Scene_30.jpg,30,Night,-4.472807677859167
Overall\3210_Night_Scene_30.jpg,30,Night,-4.519877785970026
Overall\3185_Night_Scene_30.jpg,30,Night,-3.049826321399546
Overall\3266_Night_Scene_30.jpg,30,Night,-2.99578212832029
Overall\3180_Night_Scene_30.jpg,30,Night,-2.680476236737324
Overall\3191_Night_Scene_30.jpg,30,Night,-2.8278433214612786
Overall\3204_Night_Scene_30.jpg,30,Night,-2.636825397223676
Overall\3235_Night_Scene_30.JPG,30,Night,-2.66012626853503
Overall\3227_Night_Scene_30.jpg,30,Night,-2.556722090645685
Overall\3240_Night_Scene_30.jpg,30,Night,-2.495210031692732
Overall\3218_Night_Scene_30.jpg,30,Night,-1.928974122772539
Overall\3198_Night_Scene_30.jpg,30,Night,-1.6473107286720423
Overall\3193_Night_Scene_30.JPG,30,Night,-1.4980321013107016
Overall\3232_Night_Scene_30.jpg,30,Night,-1.4262401546293162
Overall\3197_Night_Scene_30.jpg,30,Night,-1.3278277669340623
Overall\3242_Night_Scene_30.jpg,30,Night,-1.313775159520118
Overall\3174_Night_Scene_30.jpg,30,Night,-1.3085651831680245
Overall\3249_Night_Scene_30.JPG,30,Night,-1.142994649950347
Overall\3241_Night_Scene_30.JPG,30,Night,-1.080417618485156
Overall\3228_Night_Scene_30.JPG,30,Night,-0.9784271557256916
Overall\3250_Night_Scene_30.jpg,30,Night,-0.9652065901655654
Overall\3192_Night_Scene_30.jpg,30,Night,-0.9331480157071164
Overall\3233_Night_Scene_30.jpg,30,Night,-0.8529820069866052
Overall\3206_Night_Scene_30.jpg,30,Night,-0.6535669725429726
Overall\3239_Night_Scene_30.jpg,30,Night,-0.7381123702353376
Overall\3209_Night_Scene_30.jpg,30,Night,-0.6354517232708279
Overall\3213_Night_Scene_30.jpg,30,Night,-0.6103286203921263
Overall\3286_Night_Scene_30.jpg,30,Night,-0.6159410548599056
Overall\3244_Night_Scene_30.jpg,30,Night,-0.6402863258726752
Overall\3281_Night_Scene_30.jpg,30,Night,-0.5933403974650805
Overall\3202_Night_Scene_30.jpg,30,Night,-0.5933137751787331
Overall\3194_Night_Scene_30.jpg,30,Night,-0.5541302144467599
Overall\3269_Night_Scene_30.jpg,30,Night,-0.589864857923445
Overall\3251_Night_Scene_30.jpg,30,Night,-0.5364338157502501
Overall\3247_Night_Scene_30.jpg,30,Night,-0.5138208411911939
Overall\3238_Night_Scene_30.jpg,30,Night,-0.4864354775980603
Overall\3217_Night_Scene_30.jpg,30,Night,-0.4577895134452954
Overall\3176_Night_Scene_30.JPG,30,Night,-0.1409499555077273
Overall\3205_Night_Scene_30.JPG,30,Night,-0.4190663737250535
Overall\3245_Night_Scene_30.jpg,30,Night,-0.3829247926120227
Overall\3265_Night_Scene_30.jpg,30,Night,-0.3779793941001563
Overall\3184_Night_Scene_30.jpg,30,Night,-0.4012254581767071
Overall\3284_Night_Scene_30.jpg,30,Night,-0.2788796737240215
Overall\3272_Night_Scene_30.jpg,30,Night,-0.2741471780085578
Overall\3261_Night_Scene_30.jpg,30,Night,-0.3542133163044938
Overall\3179_Night_Scene_30.jpg,30,Night,-0.3381888578541914
Overall\3221_Night_Scene_30.jpg,30,Night,-0.2409992572646296
Overall\3259_Night_Scene_30.jpg,30,Night,-0.2779754047266845
Overall\3181_Night_Scene_30.jpg,30,Night,-0.1788277824589949
Overall\3222_Night_Scene_30.JPG,30,Night,-0.1893761836949646
Overall\3224_Night_Scene_30.jpg,30,Night,-0.1971057748109149
Overall\3200_Night_Scene_30.jpg,30,Night,-0.1789884200161363
Overall\3273_Night_Scene_30.jpg,30,Night,-0.0928871718736325
Overall\3220_Night_Scene_30.jpg,30,Night,-0.1199615120595604
Overall\3229_Night_Scene_30.jpg,30,Night,-0.0743239930595846
Overall\3274_Night_Scene_30.jpg,30,Night,-0.1049900577605897
Overall\3177_Night_Scene_30.jpg,30,Night,0.013926969719005
Overall\3216_Night_Scene_30.jpg,30,Night,0.0381724916522687
Overall\3237_Night_Scene_30.jpg,30,Night,0.0890592599982322
Overall\3196_Night_Scene_30.jpg,30,Night,0.095673540645693
Overall\3225_Night_Scene_30.jpg,30,Night,0.1373300369493744
Overall\3182_Night_Scene_30.jpg,30,Night,0.1501859536479004
Overall\3195_Night_Scene_30.jpg,30,Night,0.2133380063161027
Overall\3255_Night_Scene_30.jpg,30,Night,0.1186810389797173
Overall\3211_Night_Scene_30.jpg,30,Night,0.1832933361453086
Overall\3262_Night_Scene_30.JPG,30,Night,0.1554788935340657
Overall\3260_Night_Scene_30.jpg,30,Night,0.2402521407577099
Overall\3278_Night_Scene_30.jpg,30,Night,0.2969327165083689
Overall\3199_Night_Scene_30.jpg,30,Night,0.3146126141040681
Overall\3258_Night_Scene_30.jpg,30,Night,0.4068169950313582
Overall\3186_Night_Scene_30.JPG,30,Night,0.3658093505522386
Overall\3188_Night_Scene_30.jpg,30,Night,0.490181827987986
Overall\3275_Night_Scene_30.jpg,30,Night,0.4292175481851407
Overall\3214_Night_Scene_30.jpg,30,Night,0.4543662696409992
Overall\3231_Night_Scene_30.JPG,30,Night,0.4635588974314164
Overall\3280_Night_Scene_30.jpg,30,Night,0.47696418173534
Overall\3252_Night_Scene_30.jpg,30,Night,0.4061640445423702
Overall\3248_Night_Scene_30.jpg,30,Night,0.3709591063656849
Overall\3189_Night_Scene_30.jpg,30,Night,0.5159894008370924
Overall\3183_Night_Scene_30.jpg,30,Night,0.638478272569178
Overall\3282_Night_Scene_30.jpg,30,Night,0.6484711028979144
Overall\3257_Night_Scene_30.jpg,30,Night,0.625671447672466
Overall\3190_Night_Scene_30.jpg,30,Night,0.6673111198998201
Overall\3256_Night_Scene_30.jpg,30,Night,0.7884182417982413
Overall\3253_Night_Scene_30.jpg,30,Night,0.8440015486177108
Overall\3246_Night_Scene_30.jpg,30,Night,0.8271819464442488
Overall\3271_Night_Scene_30.jpg,30,Night,0.8373913078693993
Overall\3226_Night_Scene_30.jpg,30,Night,0.8233195804257321
Overall\3215_Night_Scene_30.jpg,30,Night,1.0446344287209213
Overall\3207_Night_Scene_30.jpg,30,Night,0.9942239474058308
Overall\3279_Night_Scene_30.JPG,30,Night,0.996518142902048
Overall\3264_Night_Scene_30.jpg,30,Night,1.1942040805957823
Overall\3234_Night_Scene_30.jpg,30,Night,1.2886886572970229
Overall\3219_Night_Scene_30.jpg,30,Night,1.4416503212330585
Overall\3254_Night_Scene_30.jpg,30,Night,1.4336080564265432
Overall\3243_Night_Scene_30.jpg,30,Night,1.5250326058521435
Overall\3175_Night_Scene_30.jpg,30,Night,1.5504585640927249
Overall\3277_Night_Scene_30.jpg,30,Night,1.5770564713576285
Overall\3187_Night_Scene_30.jpg,30,Night,1.609548653829597
Overall\3267_Night_Scene_30.jpg,30,Night,1.5684213702649308
Overall\3201_Night_Scene_30.jpg,30,Night,1.6385934647755875
Overall\3287_Night_Scene_30.jpg,30,Night,1.5808322737169915
Overall\3203_Night_Scene_30.jpg,30,Night,1.6536176211753084
Overall\3178_Night_Scene_30.jpg,30,Night,1.6708512536402764
Overall\3208_Night_Scene_30.jpg,30,Night,1.609223001969014
Overall\3212_Night_Scene_30.jpg,30,Night,1.912193213303624
Overall\3285_Night_Scene_30.jpg,30,Night,1.9925238335113191
Overall\3236_Night_Scene_30.jpg,30,Night,1.8283261024028472
Overall\3263_Night_Scene_30.jpg,30,Night,2.1786603869876773
Overall\3270_Night_Scene_30.jpg,30,Night,2.4043160747073458
Overall\3268_Night_Scene_30.jpg,30,Night,2.720414064013472
Overall\3283_Night_Scene_30.jpg,30,Night,3.070736646882383
Overall\3230_Night_Scene_30.jpg,30,Night,2.993439923684379
Overall\3276_Night_Scene_30.jpg,30,Night,3.53624268157272
Overall\3358_Night_Scene_31.jpg,31,Night,-4.925704757694925
Overall\3321_Night_Scene_31.jpg,31,Night,-4.463648778528767
Overall\3393_Night_Scene_31.jpg,31,Night,-3.7054214283372113
Overall\3335_Night_Scene_31.jpg,31,Night,-3.5693391726538004
Overall\3295_Night_Scene_31.jpg,31,Night,-3.060059274356412
Overall\3308_Night_Scene_31.jpg,31,Night,-3.0029576160008533
Overall\3379_Night_Scene_31.jpg,31,Night,-2.8755022063636426
Overall\3355_Night_Scene_31.jpg,31,Night,-2.382124284647679
Overall\3347_Night_Scene_31.jpg,31,Night,-2.170032259726685
Overall\3320_Night_Scene_31.jpg,31,Night,-2.015738321891368
Overall\3293_Night_Scene_31.JPG,31,Night,-2.016969155281326
Overall\3386_Night_Scene_31.JPG,31,Night,-1.685874389582536
Overall\3297_Night_Scene_31.JPG,31,Night,-1.6538486284403595
Overall\3374_Night_Scene_31.JPG,31,Night,-1.1287546816206482
Overall\3383_Night_Scene_31.jpg,31,Night,-0.9484293334543876
Overall\3360_Night_Scene_31.jpg,31,Night,-0.9594648680865512
Overall\3352_Night_Scene_31.jpg,31,Night,-0.9367091128441648
Overall\3350_Night_Scene_31.JPG,31,Night,-0.8564444117940425
Overall\3344_Night_Scene_31.jpg,31,Night,-1.64268012511023
Overall\3385_Night_Scene_31.JPG,31,Night,-0.7618826912812533
Overall\3377_Night_Scene_31.JPG,31,Night,-0.8170201947493756
Overall\3332_Night_Scene_31.jpg,31,Night,-0.7540399184379774
Overall\3306_Night_Scene_31.jpg,31,Night,-0.7698852495333315
Overall\3364_Night_Scene_31.jpg,31,Night,-0.748967138022794
Overall\3398_Night_Scene_31.jpg,31,Night,-0.7047496046951378
Overall\3389_Night_Scene_31.jpg,31,Night,-0.7077072500884473
Overall\3361_Night_Scene_31.jpg,31,Night,-0.6861311934453158
Overall\3337_Night_Scene_31.jpg,31,Night,-0.6118009122884757
Overall\3349_Night_Scene_31.jpg,31,Night,-0.5509182609018426
Overall\3356_Night_Scene_31.jpg,31,Night,-0.5471061681820661
Overall\3359_Night_Scene_31.jpg,31,Night,-0.5545392879914226
Overall\3314_Night_Scene_31.jpg,31,Night,-0.5398132647953605
Overall\3345_Night_Scene_31.JPG,31,Night,-0.3957913850342357
Overall\3313_Night_Scene_31.jpg,31,Night,-0.43348632172117
Overall\3318_Night_Scene_31.jpg,31,Night,-0.6554999395387066
Overall\3394_Night_Scene_31.jpg,31,Night,-0.3806635377109696
Overall\3322_Night_Scene_31.jpg,31,Night,-0.3527896985880085
Overall\3353_Night_Scene_31.jpg,31,Night,-0.344728542810717
Overall\3333_Night_Scene_31.jpg,31,Night,-0.2681764571792023
Overall\3371_Night_Scene_31.jpg,31,Night,-0.2971074048731007
Overall\3363_Night_Scene_31.jpg,31,Night,-0.2168076739356945
Overall\3328_Night_Scene_31.jpg,31,Night,-0.2724958189396795
Overall\3304_Night_Scene_31.jpg,31,Night,-0.2547624855258107
Overall\3324_Night_Scene_31.JPG,31,Night,-0.2429281941234438
Overall\3290_Night_Scene_31.jpg,31,Night,-0.2056161987887681
Overall\3330_Night_Scene_31.jpg,31,Night,-0.134833125843416
Overall\3339_Night_Scene_31.jpg,31,Night,-0.1389060040538983
Overall\3338_Night_Scene_31.jpg,31,Night,-0.1528485212818348
Overall\3378_Night_Scene_31.jpg,31,Night,-0.1075977518142786
Overall\3343_Night_Scene_31.jpg,31,Night,-0.106727715442245
Overall\3390_Night_Scene_31.jpg,31,Night,-0.0302411949905211
Overall\3399_Night_Scene_31.jpg,31,Night,-0.3480830715662492
Overall\3334_Night_Scene_31.jpg,31,Night,-0.0010947062677483
Overall\3294_Night_Scene_31.jpg,31,Night,0.0656512434974073
Overall\3391_Night_Scene_31.jpg,31,Night,0.0746356649456886
Overall\3299_Night_Scene_31.jpg,31,Night,0.1802624974704315
Overall\3381_Night_Scene_31.jpg,31,Night,0.1617057710425942
Overall\3302_Night_Scene_31.jpg,31,Night,0.0923179313429324
Overall\3370_Night_Scene_31.jpg,31,Night,0.1964102406280554
Overall\3311_Night_Scene_31.jpg,31,Night,0.2494250670962317
Overall\3382_Night_Scene_31.jpg,31,Night,0.2389071290733764
Overall\3326_Night_Scene_31.jpg,31,Night,0.1159944945781729
Overall\3351_Night_Scene_31.jpg,31,Night,0.2471433929371539
Overall\3303_Night_Scene_31.jpg,31,Night,0.2401371101136852
Overall\3310_Night_Scene_31.jpg,31,Night,0.2899757180040778
Overall\3292_Night_Scene_31.jpg,31,Night,0.3453799126607862
Overall\3301_Night_Scene_31.jpg,31,Night,0.3075720934024853
Overall\3362_Night_Scene_31.jpg,31,Night,0.5779169586152276
Overall\3373_Night_Scene_31.JPG,31,Night,0.3613320668410985
Overall\3317_Night_Scene_31.jpg,31,Night,0.4463382299332418
Overall\3305_Night_Scene_31.jpg,31,Night,0.5014244258619709
Overall\3298_Night_Scene_31.jpg,31,Night,0.488451452345602
Overall\3369_Night_Scene_31.jpg,31,Night,0.5530831655395775
Overall\3316_Night_Scene_31.jpg,31,Night,0.5551280036179329
Overall\3387_Night_Scene_31.jpg,31,Night,0.540598240346571
Overall\3372_Night_Scene_31.jpg,31,Night,0.6224870418906485
Overall\3341_Night_Scene_31.jpg,31,Night,0.6826582330750084
Overall\3327_Night_Scene_31.jpg,31,Night,0.7452607589582195
Overall\3288_Night_Scene_31.jpg,31,Night,0.390014436535691
Overall\3357_Night_Scene_31.jpg,31,Night,0.7349809409424286
Overall\3289_Night_Scene_31.jpg,31,Night,0.7416566175245499
Overall\3315_Night_Scene_31.JPG,31,Night,0.7769789447967183
Overall\3291_Night_Scene_31.jpg,31,Night,0.8128335883376321
Overall\3354_Night_Scene_31.jpg,31,Night,0.8535873580319925
Overall\3366_Night_Scene_31.jpg,31,Night,0.8738398659357022
Overall\3395_Night_Scene_31.jpg,31,Night,0.8160131409560495
Overall\3346_Night_Scene_31.jpg,31,Night,0.940862310870514
Overall\3336_Night_Scene_31.jpg,31,Night,0.9399990916829808
Overall\3376_Night_Scene_31.jpg,31,Night,0.9784164075274508
Overall\3348_Night_Scene_31.jpg,31,Night,1.0458004680958997
Overall\3375_Night_Scene_31.jpg,31,Night,1.0341204476627954
Overall\3331_Night_Scene_31.JPG,31,Night,1.0308477589248743
Overall\3392_Night_Scene_31.jpg,31,Night,1.087503129153233
Overall\3365_Night_Scene_31.jpg,31,Night,1.1531505362785064
Overall\3380_Night_Scene_31.jpg,31,Night,1.1807896436275964
Overall\3323_Night_Scene_31.jpg,31,Night,1.220215475351296
Overall\3388_Night_Scene_31.jpg,31,Night,1.2221659879849536
Overall\3368_Night_Scene_31.jpg,31,Night,1.3795162831590684
Overall\3312_Night_Scene_31.jpg,31,Night,1.3633516802681478
Overall\3397_Night_Scene_31.jpg,31,Night,1.567144745234867
Overall\3329_Night_Scene_31.jpg,31,Night,1.3435395019672338
Overall\3340_Night_Scene_31.jpg,31,Night,1.5842809473732191
Overall\3307_Night_Scene_31.jpg,31,Night,1.561083426455421
Overall\3296_Night_Scene_31.jpg,31,Night,1.6869175414343995
Overall\3367_Night_Scene_31.jpg,31,Night,1.988732521271027
Overall\3300_Night_Scene_31.jpg,31,Night,2.2759079557775515
Overall\3384_Night_Scene_31.jpg,31,Night,2.3867522288988714
Overall\3309_Night_Scene_31.jpg,31,Night,2.431276062204573
Overall\3342_Night_Scene_31.jpg,31,Night,2.662612457660268
Overall\3325_Night_Scene_31.jpg,31,Night,2.9545269931477813
Overall\3396_Night_Scene_31.jpg,31,Night,3.099785414376488
Overall\3319_Night_Scene_31.jpg,31,Night,3.0960489375901314
Overall\3618_Outdoor_Scene_33.jpg,33,Outdoor,-3.0614199832234665
Overall\3527_Outdoor_Scene_33.jpg,33,Outdoor,-2.8517801745082783
Overall\3580_Outdoor_Scene_33.jpg,33,Outdoor,-3.090342654355189
Overall\3566_Outdoor_Scene_33.jpg,33,Outdoor,-2.564955031245796
Overall\3571_Outdoor_Scene_33.jpg,33,Outdoor,-2.386426207347563
Overall\3577_Outdoor_Scene_33.jpg,33,Outdoor,-2.473852217098668
Overall\3586_Outdoor_Scene_33.jpg,33,Outdoor,-2.377778476751543
Overall\3531_Outdoor_Scene_33.jpg,33,Outdoor,-2.322162921866545
Overall\3614_Outdoor_Scene_33.jpg,33,Outdoor,-2.049053559757739
Overall\3587_Outdoor_Scene_33.jpg,33,Outdoor,-1.9171476119886568
Overall\3532_Outdoor_Scene_33.jpg,33,Outdoor,-1.71598456505332
Overall\3519_Outdoor_Scene_33.jpg,33,Outdoor,-1.7915261915838454
Overall\3506_Outdoor_Scene_33.jpg,33,Outdoor,-1.679520715608107
Overall\3574_Outdoor_Scene_33.jpg,33,Outdoor,-1.6211014129102
Overall\3570_Outdoor_Scene_33.jpg,33,Outdoor,-1.6942614286864897
Overall\3533_Outdoor_Scene_33.jpg,33,Outdoor,-1.5688401086320598
Overall\3609_Outdoor_Scene_33.jpg,33,Outdoor,-1.8454437712443783
Overall\3564_Outdoor_Scene_33.jpg,33,Outdoor,-1.552498037013189
Overall\3608_Outdoor_Scene_33.jpg,33,Outdoor,-1.389932714383152
Overall\3555_Outdoor_Scene_33.jpeg,33,Outdoor,-1.3333776270824356
Overall\3565_Outdoor_Scene_33.jpg,33,Outdoor,-1.2222059184427458
Overall\3616_Outdoor_Scene_33.jpg,33,Outdoor,-1.396923591906438
Overall\3546_Outdoor_Scene_33.jpg,33,Outdoor,-1.1468766414252498
Overall\3572_Outdoor_Scene_33.jpg,33,Outdoor,-1.2797688982386095
Overall\3610_Outdoor_Scene_33.jpg,33,Outdoor,-1.0588178227121834
Overall\3598_Outdoor_Scene_33.JPG,33,Outdoor,-1.0969203233000857
Overall\3603_Outdoor_Scene_33.jpg,33,Outdoor,-1.1829374044441507
Overall\3617_Outdoor_Scene_33.jpg,33,Outdoor,-1.1357006931238431
Overall\3583_Outdoor_Scene_33.jpg,33,Outdoor,-1.094316090524827
Overall\3524_Outdoor_Scene_33.jpg,33,Outdoor,-0.9605241882334749
Overall\3522_Outdoor_Scene_33.jpg,33,Outdoor,-1.1353464988519113
Overall\3611_Outdoor_Scene_33.jpg,33,Outdoor,-1.0714650186173331
Overall\3552_Outdoor_Scene_33.jpg,33,Outdoor,-0.7620376794319595
Overall\3554_Outdoor_Scene_33.jpg,33,Outdoor,-0.709186028773474
Overall\3530_Outdoor_Scene_33.jpg,33,Outdoor,-0.5852810045521516
Overall\3593_Outdoor_Scene_33.jpg,33,Outdoor,-0.6142331753833036
Overall\3503_Outdoor_Scene_33.JPG,33,Outdoor,-0.5856944794468204
Overall\3556_Outdoor_Scene_33.JPG,33,Outdoor,-0.5355557813843651
Overall\3568_Outdoor_Scene_33.jpg,33,Outdoor,-0.612846567819156
Overall\3517_Outdoor_Scene_33.jpg,33,Outdoor,-0.7007144949977429
Overall\3607_Outdoor_Scene_33.jpg,33,Outdoor,-0.5443947685851412
Overall\3590_Outdoor_Scene_33.jpg,33,Outdoor,-0.5384056995915717
Overall\3544_Outdoor_Scene_33.JPG,33,Outdoor,-0.6194363336984136
Overall\3591_Outdoor_Scene_33.jpg,33,Outdoor,-0.4753715954143201
Overall\3549_Outdoor_Scene_33.jpg,33,Outdoor,-0.4322117830694329
Overall\3553_Outdoor_Scene_33.jpg,33,Outdoor,-0.4246496313916574
Overall\3615_Outdoor_Scene_33.jpg,33,Outdoor,-0.3736923067549973
Overall\3563_Outdoor_Scene_33.jpg,33,Outdoor,-0.4525886585742227
Overall\3579_Outdoor_Scene_33.jpg,33,Outdoor,-0.3701888237549521
Overall\3581_Outdoor_Scene_33.jpg,33,Outdoor,-0.4580653244146777
Overall\3560_Outdoor_Scene_33.JPG,33,Outdoor,-0.3143888047878726
Overall\3589_Outdoor_Scene_33.jpg,33,Outdoor,-0.2534811013059335
Overall\3562_Outdoor_Scene_33.jpg,33,Outdoor,-0.3100442894776653
Overall\3507_Outdoor_Scene_33.tiff,33,Outdoor,-0.2523860888191775
Overall\3500_Outdoor_Scene_33.jpeg,33,Outdoor,-0.2967835439645669
Overall\3526_Outdoor_Scene_33.jpg,33,Outdoor,-0.1927869161595132
Overall\3515_Outdoor_Scene_33.jpg,33,Outdoor,-0.1611540315103766
Overall\3528_Outdoor_Scene_33.jpg,33,Outdoor,-0.0947344921467417
Overall\3588_Outdoor_Scene_33.jpg,33,Outdoor,-0.0232003992331172
Overall\3523_Outdoor_Scene_33.jpg,33,Outdoor,-0.1113816758840841
Overall\3578_Outdoor_Scene_33.jpg,33,Outdoor,-0.0404581098581476
Overall\3535_Outdoor_Scene_33.jpg,33,Outdoor,0.2745963027604261
Overall\3602_Outdoor_Scene_33.jpg,33,Outdoor,0.0114280792658877
Overall\3542_Outdoor_Scene_33.jpg,33,Outdoor,0.0627951207189315
Overall\3502_Outdoor_Scene_33.JPG,33,Outdoor,0.0778261820146225
Overall\3604_Outdoor_Scene_33.jpg,33,Outdoor,0.1863296931437896
Overall\3525_Outdoor_Scene_33.jpg,33,Outdoor,0.2118045600665336
Overall\3592_Outdoor_Scene_33.jpg,33,Outdoor,0.2225062043774061
Overall\3504_Outdoor_Scene_33.JPG,33,Outdoor,0.1641616306988352
Overall\3559_Outdoor_Scene_33.jpeg,33,Outdoor,0.5017812890552162
Overall\3584_Outdoor_Scene_33.jpg,33,Outdoor,0.2012503245502914
Overall\3601_Outdoor_Scene_33.JPG,33,Outdoor,0.2686850167860607
Overall\3612_Outdoor_Scene_33.jpg,33,Outdoor,0.2609122007182728
Overall\3521_Outdoor_Scene_33.jpg,33,Outdoor,0.2630139242797735
Overall\3582_Outdoor_Scene_33.jpg,33,Outdoor,0.550929618063565
Overall\3599_Outdoor_Scene_33.JPG,33,Outdoor,0.4427203255407608
Overall\3576_Outdoor_Scene_33.JPG,33,Outdoor,0.4968837493417521
Overall\3550_Outdoor_Scene_33.jpg,33,Outdoor,0.536352682500212
Overall\3508_Outdoor_Scene_33.jpg,33,Outdoor,0.5678695472131181
Overall\3606_Outdoor_Scene_33.jpg,33,Outdoor,0.6661511651207598
Overall\3520_Outdoor_Scene_33.jpg,33,Outdoor,0.7596294475695131
Overall\3547_Outdoor_Scene_33.jpg,33,Outdoor,0.806779876157746
Overall\3538_Outdoor_Scene_33.jpg,33,Outdoor,0.8434025957130988
Overall\3518_Outdoor_Scene_33.jpg,33,Outdoor,0.8553148266046023
Overall\3569_Outdoor_Scene_33.jpg,33,Outdoor,0.8955546647331448
Overall\3605_Outdoor_Scene_33.jpg,33,Outdoor,1.089019667463315
Overall\3596_Outdoor_Scene_33.jpg,33,Outdoor,1.0561284076548785
Overall\3537_Outdoor_Scene_33.jpg,33,Outdoor,1.0682951502703018
Overall\3545_Outdoor_Scene_33.JPG,33,Outdoor,1.08230996651159
Overall\3561_Outdoor_Scene_33.jpeg,33,Outdoor,1.1111153134635887
Overall\3548_Outdoor_Scene_33.jpg,33,Outdoor,0.9057146927563268
Overall\3509_Outdoor_Scene_33.jpg,33,Outdoor,1.142460679518239
Overall\3516_Outdoor_Scene_33.jpg,33,Outdoor,1.316510720678789
Overall\3541_Outdoor_Scene_33.jpg,33,Outdoor,1.1879441384431806
Overall\3585_Outdoor_Scene_33.jpg,33,Outdoor,1.2628875124773151
Overall\3595_Outdoor_Scene_33.jpg,33,Outdoor,1.2471324166346145
Overall\3514_Outdoor_Scene_33.jpg,33,Outdoor,1.2681784684793518
Overall\3539_Outdoor_Scene_33.jpg,33,Outdoor,1.3478776717868248
Overall\3534_Outdoor_Scene_33.jpg,33,Outdoor,1.3813514950412416
Overall\3558_Outdoor_Scene_33.JPG,33,Outdoor,1.525515702705654
Overall\3510_Outdoor_Scene_33.jpg,33,Outdoor,1.4298125656577547
Overall\3567_Outdoor_Scene_33.jpg,33,Outdoor,1.523206144323027
Overall\3501_Outdoor_Scene_33.jpeg,33,Outdoor,1.482266494532811
Overall\3557_Outdoor_Scene_33.JPG,33,Outdoor,1.4529178796618896
Overall\3575_Outdoor_Scene_33.jpg,33,Outdoor,1.599482428960115
Overall\3613_Outdoor_Scene_33.jpg,33,Outdoor,1.7288743633465704
Overall\3511_Outdoor_Scene_33.jpg,33,Outdoor,1.6554717168702209
Overall\3600_Outdoor_Scene_33.JPG,33,Outdoor,1.8274145980764165
Overall\3594_Outdoor_Scene_33.jpg,33,Outdoor,1.965966856784909
Overall\3573_Outdoor_Scene_33.jpg,33,Outdoor,2.037420109395987
Overall\3540_Outdoor_Scene_33.jpg,33,Outdoor,1.9679881790876608
Overall\3529_Outdoor_Scene_33.jpg,33,Outdoor,2.016678763117071
Overall\3513_Outdoor_Scene_33.jpg,33,Outdoor,2.149089338152595
Overall\3505_Outdoor_Scene_33.JPG,33,Outdoor,2.1542238286647297
Overall\3536_Outdoor_Scene_33.jpg,33,Outdoor,2.2164549624465075
Overall\3551_Outdoor_Scene_33.jpg,33,Outdoor,2.6772609673492056
Overall\3512_Outdoor_Scene_33.jpg,33,Outdoor,2.947105461840365
Overall\3597_Outdoor_Scene_33.jpg,33,Outdoor,2.380379677922833
Overall\3543_Outdoor_Scene_33.JPG,33,Outdoor,3.581426723276827
Overall\3663_Outdoor_Scene_34.jpg,34,Outdoor,-4.266850701129473
Overall\3621_Outdoor_Scene_34.jpg,34,Outdoor,-3.642775734126134
Overall\3661_Outdoor_Scene_34.jpg,34,Outdoor,-3.162603684929778
Overall\3659_Outdoor_Scene_34.jpg,34,Outdoor,-2.1913037025597584
Overall\3619_Outdoor_Scene_34.jpg,34,Outdoor,-2.010444701249771
Overall\3637_Outdoor_Scene_34.jpg,34,Outdoor,-1.686137168971114
Overall\3620_Outdoor_Scene_34.jpg,34,Outdoor,-1.2537186188640417
Overall\3652_Outdoor_Scene_34.JPG,34,Outdoor,-1.1576483938906226
Overall\3644_Outdoor_Scene_34.jpg,34,Outdoor,-0.931738227347207
Overall\3646_Outdoor_Scene_34.jpg,34,Outdoor,-0.703088500873437
Overall\3647_Outdoor_Scene_34.jpg,34,Outdoor,-0.7150203052532138
Overall\3658_Outdoor_Scene_34.jpg,34,Outdoor,-0.7046068176565832
Overall\3640_Outdoor_Scene_34.tiff,34,Outdoor,-0.6732744348015028
Overall\3662_Outdoor_Scene_34.jpg,34,Outdoor,-0.6503581730331178
Overall\3636_Outdoor_Scene_34.jpg,34,Outdoor,-0.6069969186779525
Overall\3642_Outdoor_Scene_34.JPG,34,Outdoor,-0.5707985455740607
Overall\3651_Outdoor_Scene_34.jpg,34,Outdoor,-0.4629757512626126
Overall\3645_Outdoor_Scene_34.JPG,34,Outdoor,-0.208712478856689
Overall\3657_Outdoor_Scene_34.jpg,34,Outdoor,0.0182176572652597
Overall\3623_Outdoor_Scene_34.JPG,34,Outdoor,0.048700035842521
Overall\3625_Outdoor_Scene_34.jpg,34,Outdoor,0.1173350053947459
Overall\3626_Outdoor_Scene_34.jpg,34,Outdoor,0.3253465847221523
Overall\3622_Outdoor_Scene_34.JPG,34,Outdoor,0.3454925184758029
Overall\3643_Outdoor_Scene_34.tiff,34,Outdoor,0.3864990319356268
Overall\3641_Outdoor_Scene_34.jpg,34,Outdoor,0.7197821599525978
Overall\3638_Outdoor_Scene_34.jpg,34,Outdoor,0.7546545018571401
Overall\3627_Outdoor_Scene_34.jpg,34,Outdoor,0.7810649911832531
Overall\3655_Outdoor_Scene_34.jpg,34,Outdoor,0.8546608576090846
Overall\3654_Outdoor_Scene_34.JPG,34,Outdoor,0.9007842427466892
Overall\3630_Outdoor_Scene_34.jpg,34,Outdoor,0.9384190932788984
Overall\3656_Outdoor_Scene_34.jpg,34,Outdoor,0.949389096204898
Overall\3632_Outdoor_Scene_34.jpg,34,Outdoor,0.972250253680361
Overall\3649_Outdoor_Scene_34.jpg,34,Outdoor,0.9580569046639734
Overall\3660_Outdoor_Scene_34.jpg,34,Outdoor,1.070600218627406
Overall\3631_Outdoor_Scene_34.jpg,34,Outdoor,1.082710319037033
Overall\3650_Outdoor_Scene_34.JPG,34,Outdoor,1.0852310055873264
Overall\3639_Outdoor_Scene_34.jpg,34,Outdoor,1.0745555320444995
Overall\3633_Outdoor_Scene_34.jpg,34,Outdoor,1.27108469630571
Overall\3629_Outdoor_Scene_34.jpg,34,Outdoor,1.3575921427443054
Overall\3624_Outdoor_Scene_34.jpg,34,Outdoor,1.4128221989042622
Overall\3653_Outdoor_Scene_34.jpg,34,Outdoor,1.4195580469169793
Overall\3635_Outdoor_Scene_34.jpg,34,Outdoor,1.51879419355097
Overall\3648_Outdoor_Scene_34.jpg,34,Outdoor,1.656339730439765
Overall\3628_Outdoor_Scene_34.jpg,34,Outdoor,1.7068957294020837
Overall\3634_Outdoor_Scene_34.jpg,34,Outdoor,1.872216110683722
Overall\4437_Outdoor_Scene_43.JPG,43,Outdoor,-4.468446108866096
Overall\4431_Outdoor_Scene_43.jpg,43,Outdoor,-3.2477991607390915
Overall\4510_Outdoor_Scene_43.jpg,43,Outdoor,-3.852936742248963
Overall\4542_Outdoor_Scene_43.jpg,43,Outdoor,-2.7214626478859727
Overall\4444_Outdoor_Scene_43.jpg,43,Outdoor,-2.531152291394222
Overall\4509_Outdoor_Scene_43.jpg,43,Outdoor,-2.5933727897969963
Overall\4522_Outdoor_Scene_43.jpg,43,Outdoor,-2.3986014485259304
Overall\4516_Outdoor_Scene_43.jpg,43,Outdoor,-2.5295700737610183
Overall\4459_Outdoor_Scene_43.jpg,43,Outdoor,-2.4669772338531586
Overall\4483_Outdoor_Scene_43.jpg,43,Outdoor,-2.273658668824521
Overall\4528_Outdoor_Scene_43.jpg,43,Outdoor,-1.9582545529684507
Overall\4507_Outdoor_Scene_43.jpg,43,Outdoor,-1.86520315091386
Overall\4456_Outdoor_Scene_43.jpg,43,Outdoor,-1.6905972666472204
Overall\4479_Outdoor_Scene_43.jpg,43,Outdoor,-1.64194007070483
Overall\4499_Outdoor_Scene_43.jpg,43,Outdoor,-1.7245346300398163
Overall\4532_Outdoor_Scene_43.jpg,43,Outdoor,-1.3928617249364592
Overall\4535_Outdoor_Scene_43.jpg,43,Outdoor,-1.4175307435149591
Overall\4430_Outdoor_Scene_43.jpg,43,Outdoor,-1.4659936156491955
Overall\4496_Outdoor_Scene_43.jpg,43,Outdoor,-1.4118065725687383
Overall\4471_Outdoor_Scene_43.jpg,43,Outdoor,-1.341297382972158
Overall\4524_Outdoor_Scene_43.jpg,43,Outdoor,-1.3008816962333745
Overall\4529_Outdoor_Scene_43.jpg,43,Outdoor,-1.3368263015177853
Overall\4520_Outdoor_Scene_43.jpg,43,Outdoor,-1.4102935433742303
Overall\4470_Outdoor_Scene_43.jpg,43,Outdoor,-1.1150226319936507
Overall\4539_Outdoor_Scene_43.jpg,43,Outdoor,-1.019219413107984
Overall\4536_Outdoor_Scene_43.jpg,43,Outdoor,-0.9669868243114572
Overall\4482_Outdoor_Scene_43.jpg,43,Outdoor,-0.7873425317947415
Overall\4478_Outdoor_Scene_43.jpg,43,Outdoor,-0.9015454230835638
Overall\4497_Outdoor_Scene_43.jpg,43,Outdoor,-0.8592640817208865
Overall\4511_Outdoor_Scene_43.jpg,43,Outdoor,-0.6897033003029006
Overall\4549_Outdoor_Scene_43.jpg,43,Outdoor,-0.6614859804713438
Overall\4462_Outdoor_Scene_43.jpg,43,Outdoor,-0.7452611422797489
Overall\4541_Outdoor_Scene_43.jpg,43,Outdoor,-0.7100549793034515
Overall\4530_Outdoor_Scene_43.jpg,43,Outdoor,-0.6746250542594187
Overall\4538_Outdoor_Scene_43.jpg,43,Outdoor,-0.6402884032012469
Overall\4494_Outdoor_Scene_43.jpg,43,Outdoor,-0.5803528111777757
Overall\4475_Outdoor_Scene_43.jpg,43,Outdoor,-0.5504292956136697
Overall\4500_Outdoor_Scene_43.jpg,43,Outdoor,-0.5199965356714564
Overall\4445_Outdoor_Scene_43.jpg,43,Outdoor,-0.5307892797145787
Overall\4485_Outdoor_Scene_43.jpg,43,Outdoor,-0.4755683492680964
Overall\4481_Outdoor_Scene_43.jpg,43,Outdoor,-0.6792317606946511
Overall\4490_Outdoor_Scene_43.jpg,43,Outdoor,-0.5006682399290251
Overall\4449_Outdoor_Scene_43.jpg,43,Outdoor,-0.5238792583205766
Overall\4442_Outdoor_Scene_43.jpg,43,Outdoor,-0.5085729325781267
Overall\4519_Outdoor_Scene_43.jpg,43,Outdoor,-0.5513310240149322
Overall\4515_Outdoor_Scene_43.jpg,43,Outdoor,-0.5144381472689789
Overall\4518_Outdoor_Scene_43.jpg,43,Outdoor,-0.4563720695429819
Overall\4473_Outdoor_Scene_43.jpg,43,Outdoor,-0.3802239662641805
Overall\4426_Outdoor_Scene_43.jpg,43,Outdoor,-0.359449766077841
Overall\4505_Outdoor_Scene_43.JPG,43,Outdoor,-0.3194639694990656
Overall\4534_Outdoor_Scene_43.jpg,43,Outdoor,-0.3360446957508297
Overall\4443_Outdoor_Scene_43.jpg,43,Outdoor,-0.2894249117816189
Overall\4487_Outdoor_Scene_43.jpg,43,Outdoor,-0.3584371661852269
Overall\4504_Outdoor_Scene_43.jpg,43,Outdoor,-0.2603544083944681
Overall\4543_Outdoor_Scene_43.JPG,43,Outdoor,-0.2936784819476181
Overall\4523_Outdoor_Scene_43.JPG,43,Outdoor,-0.3296358233502531
Overall\4452_Outdoor_Scene_43.jpg,43,Outdoor,-0.2004266614573303
Overall\4466_Outdoor_Scene_43.jpg,43,Outdoor,0.0670447688045079
Overall\4548_Outdoor_Scene_43.jpg,43,Outdoor,-0.2153236510922798
Overall\4514_Outdoor_Scene_43.JPG,43,Outdoor,-0.1138080355155104
Overall\4448_Outdoor_Scene_43.jpg,43,Outdoor,-0.1342271500603225
Overall\4428_Outdoor_Scene_43.jpg,43,Outdoor,-0.0461112167581648
Overall\4506_Outdoor_Scene_43.jpg,43,Outdoor,-0.1725872838686429
Overall\4439_Outdoor_Scene_43.jpg,43,Outdoor,-0.0295603264595845
Overall\4434_Outdoor_Scene_43.jpg,43,Outdoor,0.0560176178708424
Overall\4484_Outdoor_Scene_43.jpg,43,Outdoor,0.0656281299927689
Overall\4527_Outdoor_Scene_43.jpg,43,Outdoor,0.0709966382457414
Overall\4508_Outdoor_Scene_43.jpg,43,Outdoor,0.1800977516445675
Overall\4460_Outdoor_Scene_43.jpg,43,Outdoor,0.2928586048436308
Overall\4545_Outdoor_Scene_43.jpg,43,Outdoor,0.372379859240479
Overall\4472_Outdoor_Scene_43.jpg,43,Outdoor,0.4101765431347228
Overall\4432_Outdoor_Scene_43.jpg,43,Outdoor,0.410302630852702
Overall\4486_Outdoor_Scene_43.jpg,43,Outdoor,0.4035039521037614
Overall\4467_Outdoor_Scene_43.jpg,43,Outdoor,0.6617038784228382
Overall\4526_Outdoor_Scene_43.JPG,43,Outdoor,0.6301704155341845
Overall\4441_Outdoor_Scene_43.jpg,43,Outdoor,0.6588377747160981
Overall\4457_Outdoor_Scene_43.jpg,43,Outdoor,0.5877052323609193
Overall\4480_Outdoor_Scene_43.jpg,43,Outdoor,0.5889356309265671
Overall\4540_Outdoor_Scene_43.JPG,43,Outdoor,0.6059049375660785
Overall\4493_Outdoor_Scene_43.jpg,43,Outdoor,0.7017587380781424
Overall\4491_Outdoor_Scene_43.jpg,43,Outdoor,0.5989373911706555
Overall\4501_Outdoor_Scene_43.jpg,43,Outdoor,0.6831761511986454
Overall\4461_Outdoor_Scene_43.jpg,43,Outdoor,0.7508250480018797
Overall\4489_Outdoor_Scene_43.jpg,43,Outdoor,0.765839286524812
Overall\4440_Outdoor_Scene_43.jpg,43,Outdoor,0.6914273444169894
Overall\4512_Outdoor_Scene_43.jpg,43,Outdoor,0.7839354671749835
Overall\4454_Outdoor_Scene_43.jpg,43,Outdoor,0.8148272843661428
Overall\4474_Outdoor_Scene_43.jpg,43,Outdoor,0.829068667977805
Overall\4464_Outdoor_Scene_43.JPG,43,Outdoor,0.8450702779029027
Overall\4427_Outdoor_Scene_43.jpg,43,Outdoor,0.8503900810316553
Overall\4429_Outdoor_Scene_43.jpg,43,Outdoor,0.9022520962993554
Overall\4544_Outdoor_Scene_43.jpg,43,Outdoor,1.023277410992515
Overall\4502_Outdoor_Scene_43.JPG,43,Outdoor,0.9459301375693852
Overall\4468_Outdoor_Scene_43.jpg,43,Outdoor,0.8984456633741856
Overall\4537_Outdoor_Scene_43.jpg,43,Outdoor,0.895876120189379
Overall\4521_Outdoor_Scene_43.jpg,43,Outdoor,1.026081448043099
Overall\4525_Outdoor_Scene_43.jpg,43,Outdoor,1.0930324498688608
Overall\4436_Outdoor_Scene_43.jpg,43,Outdoor,1.093905729664978
Overall\4435_Outdoor_Scene_43.jpg,43,Outdoor,1.2210487399981658
Overall\4517_Outdoor_Scene_43.jpg,43,Outdoor,1.0571079194242043
Overall\4531_Outdoor_Scene_43.jpg,43,Outdoor,1.1572044655212943
Overall\4477_Outdoor_Scene_43.jpg,43,Outdoor,1.1423184714712789
Overall\4469_Outdoor_Scene_43.jpg,43,Outdoor,1.2807856112707054
Overall\4453_Outdoor_Scene_43.jpg,43,Outdoor,1.450656368536834
Overall\4450_Outdoor_Scene_43.jpg,43,Outdoor,1.3232279770616782
Overall\4550_Outdoor_Scene_43.jpg,43,Outdoor,1.335719638178307
Overall\4463_Outdoor_Scene_43.jpg,43,Outdoor,1.3703859227072008
Overall\4476_Outdoor_Scene_43.jpg,43,Outdoor,1.493445515654982
Overall\4451_Outdoor_Scene_43.jpg,43,Outdoor,1.4550519902609416
Overall\4495_Outdoor_Scene_43.jpg,43,Outdoor,1.4373408376417978
Overall\4546_Outdoor_Scene_43.jpg,43,Outdoor,1.5522795576829502
Overall\4433_Outdoor_Scene_43.jpg,43,Outdoor,1.642899377682782
Overall\4446_Outdoor_Scene_43.jpg,43,Outdoor,1.6658119784355716
Overall\4455_Outdoor_Scene_43.jpg,43,Outdoor,1.6850180220495503
Overall\4488_Outdoor_Scene_43.jpg,43,Outdoor,1.6985295393097382
Overall\4492_Outdoor_Scene_43.jpg,43,Outdoor,1.6591682534571752
Overall\4438_Outdoor_Scene_43.jpg,43,Outdoor,1.8132510370570345
Overall\4465_Outdoor_Scene_43.jpg,43,Outdoor,1.993641528066041
Overall\4547_Outdoor_Scene_43.jpg,43,Outdoor,1.9345932377199275
Overall\4503_Outdoor_Scene_43.jpg,43,Outdoor,2.0224038472793384
Overall\4447_Outdoor_Scene_43.jpg,43,Outdoor,2.034510845160299
Overall\4513_Outdoor_Scene_43.jpg,43,Outdoor,2.642027955240456
Overall\4498_Outdoor_Scene_43.jpg,43,Outdoor,2.913873079952976
Overall\4533_Outdoor_Scene_43.jpg,43,Outdoor,2.6085977929359947
Overall\4458_Outdoor_Scene_43.jpg,43,Outdoor,3.195964732161224
Overall\4734_Outdoor_Scene_45.JPG,45,Outdoor,-3.332284930970586
Overall\4713_Outdoor_Scene_45.tiff,45,Outdoor,-3.0476668572482155
Overall\4735_Outdoor_Scene_45.jpg,45,Outdoor,-2.566822115292829
Overall\4742_Outdoor_Scene_45.jpg,45,Outdoor,-2.512016129203368
Overall\4681_Outdoor_Scene_45.jpg,45,Outdoor,-2.540880811282094
Overall\4698_Outdoor_Scene_45.jpg,45,Outdoor,-2.28858874859791
Overall\4683_Outdoor_Scene_45.JPG,45,Outdoor,-2.0186312274720795
Overall\4694_Outdoor_Scene_45.jpg,45,Outdoor,-2.06461182371285
Overall\4687_Outdoor_Scene_45.jpg,45,Outdoor,-1.9604145814479328
Overall\4729_Outdoor_Scene_45.jpg,45,Outdoor,-1.913834972760414
Overall\4682_Outdoor_Scene_45.jpg,45,Outdoor,-1.7415496070805647
Overall\4680_Outdoor_Scene_45.jpg,45,Outdoor,-1.519057215023674
Overall\4748_Outdoor_Scene_45.jpg,45,Outdoor,-1.453628489763031
Overall\4692_Outdoor_Scene_45.JPG,45,Outdoor,-1.3769030789665335
Overall\4726_Outdoor_Scene_45.jpg,45,Outdoor,-1.4050592964478883
Overall\4715_Outdoor_Scene_45.JPG,45,Outdoor,-1.161552132949018
Overall\4727_Outdoor_Scene_45.jpg,45,Outdoor,-1.155967617133549
Overall\4732_Outdoor_Scene_45.jpg,45,Outdoor,-1.0780581753227032
Overall\4717_Outdoor_Scene_45.JPG,45,Outdoor,-1.0161165444758302
Overall\4733_Outdoor_Scene_45.jpg,45,Outdoor,-0.800909243927297
Overall\4693_Outdoor_Scene_45.jpg,45,Outdoor,-0.8295531306708135
Overall\4744_Outdoor_Scene_45.jpg,45,Outdoor,-0.7739072870822392
Overall\4710_Outdoor_Scene_45.jpg,45,Outdoor,-0.7506584803775576
Overall\4741_Outdoor_Scene_45.jpg,45,Outdoor,-0.6126535128928561
Overall\4691_Outdoor_Scene_45.JPG,45,Outdoor,-0.4917040786335503
Overall\4737_Outdoor_Scene_45.JPG,45,Outdoor,-0.4687414716106621
Overall\4730_Outdoor_Scene_45.jpg,45,Outdoor,-0.4383773955091054
Overall\4688_Outdoor_Scene_45.jpg,45,Outdoor,-0.461239409153564
Overall\4740_Outdoor_Scene_45.jpg,45,Outdoor,-0.4318313830986436
Overall\4750_Outdoor_Scene_45.jpg,45,Outdoor,-0.3860983120325998
Overall\4728_Outdoor_Scene_45.jpg,45,Outdoor,-0.2552949036143903
Overall\4703_Outdoor_Scene_45.jpg,45,Outdoor,-0.2867980814929883
Overall\4684_Outdoor_Scene_45.JPG,45,Outdoor,-0.2719424809338638
Overall\4689_Outdoor_Scene_45.jpg,45,Outdoor,-0.2701648737820248
Overall\4731_Outdoor_Scene_45.jpg,45,Outdoor,-0.157069734741082
Overall\4722_Outdoor_Scene_45.jpg,45,Outdoor,-0.1453434757130794
Overall\4752_Outdoor_Scene_45.jpg,45,Outdoor,-0.1822657558521496
Overall\4747_Outdoor_Scene_45.jpg,45,Outdoor,-0.1084030455824816
Overall\4753_Outdoor_Scene_45.jpg,45,Outdoor,-0.066319945400323
Overall\4695_Outdoor_Scene_45.jpg,45,Outdoor,-0.0017292133076182
Overall\4720_Outdoor_Scene_45.jpg,45,Outdoor,0.0972635417698195
Overall\4719_Outdoor_Scene_45.jpg,45,Outdoor,0.1225675330305241
Overall\4709_Outdoor_Scene_45.JPG,45,Outdoor,0.1283495330370629
Overall\4707_Outdoor_Scene_45.jpg,45,Outdoor,0.1715590878563834
Overall\4746_Outdoor_Scene_45.jpg,45,Outdoor,0.2720659070381014
Overall\4699_Outdoor_Scene_45.jpg,45,Outdoor,0.3158951130644052
Overall\4751_Outdoor_Scene_45.jpg,45,Outdoor,0.4500466086346041
Overall\4696_Outdoor_Scene_45.jpg,45,Outdoor,0.4386158806777478
Overall\4721_Outdoor_Scene_45.jpg,45,Outdoor,0.5028483935675766
Overall\4677_Outdoor_Scene_45.JPG,45,Outdoor,0.5102601278590451
Overall\4678_Outdoor_Scene_45.JPG,45,Outdoor,0.5891539309670637
Overall\4723_Outdoor_Scene_45.jpg,45,Outdoor,0.6721422318009844
Overall\4711_Outdoor_Scene_45.jpg,45,Outdoor,0.7245036414557408
Overall\4716_Outdoor_Scene_45.JPG,45,Outdoor,0.7636519019125231
Overall\4739_Outdoor_Scene_45.jpg,45,Outdoor,0.7792059345164312
Overall\4679_Outdoor_Scene_45.jpg,45,Outdoor,0.8149306981738318
Overall\4743_Outdoor_Scene_45.jpg,45,Outdoor,0.8774751755751418
Overall\4690_Outdoor_Scene_45.jpg,45,Outdoor,0.9524044104190592
Overall\4704_Outdoor_Scene_45.jpg,45,Outdoor,1.0314984110377032
Overall\4724_Outdoor_Scene_45.jpg,45,Outdoor,0.975071417738888
Overall\4702_Outdoor_Scene_45.jpg,45,Outdoor,1.1393574143491303
Overall\4708_Outdoor_Scene_45.jpg,45,Outdoor,1.1038963934900647
Overall\4714_Outdoor_Scene_45.jpg,45,Outdoor,1.1874949725851467
Overall\4676_Outdoor_Scene_45.JPG,45,Outdoor,1.1878433449838444
Overall\4725_Outdoor_Scene_45.jpg,45,Outdoor,1.3048048010178128
Overall\4712_Outdoor_Scene_45.jpg,45,Outdoor,1.2526259615918771
Overall\4736_Outdoor_Scene_45.jpg,45,Outdoor,1.4855659046563363
Overall\4701_Outdoor_Scene_45.jpg,45,Outdoor,1.49371623398087
Overall\4749_Outdoor_Scene_45.jpg,45,Outdoor,1.5374864642717805
Overall\4745_Outdoor_Scene_45.jpg,45,Outdoor,1.9075168164702991
Overall\4718_Outdoor_Scene_45.jpg,45,Outdoor,2.1098423931828183
Overall\4685_Outdoor_Scene_45.jpg,45,Outdoor,2.174725385677293
Overall\4706_Outdoor_Scene_45.jpg,45,Outdoor,2.240909513535309
Overall\4697_Outdoor_Scene_45.jpg,45,Outdoor,2.200989599571216
Overall\4686_Outdoor_Scene_45.jpg,45,Outdoor,2.5759946563562144
Overall\4738_Outdoor_Scene_45.jpg,45,Outdoor,2.659146678391673
Overall\4700_Outdoor_Scene_45.jpg,45,Outdoor,2.7134892040900342
Overall\4705_Outdoor_Scene_45.jpg,45,Outdoor,2.8797343522256043
Overall\4811_Outdoor_Scene_46.JPG,46,Outdoor,-3.435623836907175
Overall\4764_Outdoor_Scene_46.JPG,46,Outdoor,-3.014216049284718
Overall\4818_Outdoor_Scene_46.jpg,46,Outdoor,-2.719307536231608
Overall\4827_Outdoor_Scene_46.jpg,46,Outdoor,-2.605913334992662
Overall\4777_Outdoor_Scene_46.jpg,46,Outdoor,-2.273893516513777
Overall\4768_Outdoor_Scene_46.jpg,46,Outdoor,-2.156906110409905
Overall\4810_Outdoor_Scene_46.JPG,46,Outdoor,-1.9757368471215768
Overall\4773_Outdoor_Scene_46.JPG,46,Outdoor,-1.850046160519588
Overall\4756_Outdoor_Scene_46.JPG,46,Outdoor,-1.7763080215592968
Overall\4757_Outdoor_Scene_46.JPG,46,Outdoor,-1.625779558722591
Overall\4793_Outdoor_Scene_46.JPG,46,Outdoor,-1.3790463454777633
Overall\4758_Outdoor_Scene_46.jpg,46,Outdoor,-1.129258643781836
Overall\4816_Outdoor_Scene_46.jpg,46,Outdoor,-0.9675340944222668
Overall\4761_Outdoor_Scene_46.jpg,46,Outdoor,-0.9618649448507264
Overall\4819_Outdoor_Scene_46.jpg,46,Outdoor,-0.948125114235726
Overall\4803_Outdoor_Scene_46.jpg,46,Outdoor,-0.9052196912692912
Overall\4817_Outdoor_Scene_46.jpg,46,Outdoor,-0.7195407864095196
Overall\4808_Outdoor_Scene_46.jpg,46,Outdoor,-0.8444812570718165
Overall\4813_Outdoor_Scene_46.jpeg,46,Outdoor,-1.0749644631414748
Overall\4788_Outdoor_Scene_46.jpg,46,Outdoor,-0.7560880403246599
Overall\4786_Outdoor_Scene_46.jpg,46,Outdoor,-0.8062455500640598
Overall\4820_Outdoor_Scene_46.jpg,46,Outdoor,-0.6241669892444729
Overall\4794_Outdoor_Scene_46.JPG,46,Outdoor,-0.5220199362170737
Overall\4782_Outdoor_Scene_46.jpg,46,Outdoor,-0.6106071394706885
Overall\4787_Outdoor_Scene_46.JPG,46,Outdoor,-0.5419144933566797
Overall\4763_Outdoor_Scene_46.JPG,46,Outdoor,-0.5826436148542309
Overall\4789_Outdoor_Scene_46.jpg,46,Outdoor,-0.5736116844454263
Overall\4807_Outdoor_Scene_46.jpg,46,Outdoor,-0.5430678082159515
Overall\4754_Outdoor_Scene_46.jpg,46,Outdoor,-0.5370396624494147
Overall\4824_Outdoor_Scene_46.jpg,46,Outdoor,-0.5061086026952146
Overall\4771_Outdoor_Scene_46.jpg,46,Outdoor,-0.428318112360204
Overall\4804_Outdoor_Scene_46.jpg,46,Outdoor,-0.4250580707338986
Overall\4784_Outdoor_Scene_46.jpg,46,Outdoor,-0.2474984972960164
Overall\4778_Outdoor_Scene_46.jpg,46,Outdoor,-0.1600032630330269
Overall\4775_Outdoor_Scene_46.jpg,46,Outdoor,-0.0699053927888972
Overall\4783_Outdoor_Scene_46.jpg,46,Outdoor,-0.0181991768472865
Overall\4802_Outdoor_Scene_46.jpg,46,Outdoor,0.0339917224277999
Overall\4798_Outdoor_Scene_46.jpg,46,Outdoor,0.0455476931023603
Overall\4781_Outdoor_Scene_46.jpg,46,Outdoor,0.0182127585077272
Overall\4806_Outdoor_Scene_46.jpg,46,Outdoor,0.1449388535983223
Overall\4796_Outdoor_Scene_46.jpg,46,Outdoor,0.4170009727790965
Overall\4797_Outdoor_Scene_46.jpg,46,Outdoor,0.1997483404315539
Overall\4795_Outdoor_Scene_46.JPG,46,Outdoor,0.1818912560732918
Overall\4812_Outdoor_Scene_46.jpg,46,Outdoor,0.2482014291694562
Overall\4792_Outdoor_Scene_46.JPG,46,Outdoor,0.1364522538032017
Overall\4823_Outdoor_Scene_46.jpg,46,Outdoor,0.4654860112115246
Overall\4767_Outdoor_Scene_46.jpg,46,Outdoor,0.4902085878039713
Overall\4799_Outdoor_Scene_46.jpg,46,Outdoor,0.5306313475662436
Overall\4779_Outdoor_Scene_46.jpg,46,Outdoor,0.5571434895074026
Overall\4755_Outdoor_Scene_46.JPG,46,Outdoor,0.3581479207420486
Overall\4805_Outdoor_Scene_46.jpg,46,Outdoor,0.7088102975142229
Overall\4766_Outdoor_Scene_46.jpg,46,Outdoor,0.7452158498106922
Overall\4765_Outdoor_Scene_46.jpg,46,Outdoor,0.7275415679153616
Overall\4809_Outdoor_Scene_46.jpg,46,Outdoor,0.8968457892755428
Overall\4762_Outdoor_Scene_46.jpg,46,Outdoor,0.9021908496950806
Overall\4825_Outdoor_Scene_46.jpg,46,Outdoor,1.0465149016964106
Overall\4785_Outdoor_Scene_46.jpg,46,Outdoor,1.0392124781678211
Overall\4772_Outdoor_Scene_46.jpg,46,Outdoor,1.1178789143392458
Overall\4790_Outdoor_Scene_46.jpg,46,Outdoor,1.1317273044922531
Overall\4780_Outdoor_Scene_46.jpg,46,Outdoor,1.178157421613648
Overall\4800_Outdoor_Scene_46.jpg,46,Outdoor,1.3518041470677964
Overall\4759_Outdoor_Scene_46.jpg,46,Outdoor,1.362992404838054
Overall\4826_Outdoor_Scene_46.jpg,46,Outdoor,1.5039654550433552
Overall\4776_Outdoor_Scene_46.jpg,46,Outdoor,1.553706759133607
Overall\4791_Outdoor_Scene_46.jpg,46,Outdoor,1.821532423127469
Overall\4760_Outdoor_Scene_46.jpg,46,Outdoor,1.814634227256644
Overall\4814_Outdoor_Scene_46.jpeg,46,Outdoor,2.1226342574106543
Overall\4769_Outdoor_Scene_46.jpg,46,Outdoor,1.9259765962596207
Overall\4815_Outdoor_Scene_46.jpg,46,Outdoor,2.125881586218613
Overall\4774_Outdoor_Scene_46.jpg,46,Outdoor,2.217404988302183
Overall\4822_Outdoor_Scene_46.jpg,46,Outdoor,2.1911734598548107
Overall\4801_Outdoor_Scene_46.jpg,46,Outdoor,2.14794814255044
Overall\4770_Outdoor_Scene_46.jpg,46,Outdoor,2.1836852497632315
Overall\4821_Outdoor_Scene_46.jpg,46,Outdoor,2.6712246392497643
